"Variables ->","yn","l_yn","pyn","l_pyn","nyn","l_nyn","l_cpi","l_cpi_u","l_cpi_tw","l_cpi_us","auct","l_auct","ofr","l_ofr","ni","ni_us","inv_ne_us","ne_us","ne_tw","inv_ne_tw","l_ne_us","l_ne_tw","l_y_tw_gap","poil_us","l_poil_us","l_ne_cross","ne_cross","inv_ne_cross","l_ne_us_tar","dl_cpi_tar","l_oil","l_gex","l_cpi_core","l_cpi_core_u","l_re_tw","dl_yn","dl_pyn","dl_nyn","dl_cpi","dl_cpi_u","dl_cpi_tw","dl_cpi_us","dl_auct","dl_ofr","dl_ne_us","dl_ne_tw","dl_y_tw_gap","dl_poil_us","dl_ne_cross","dl_ne_us_tar","dl_oil","dl_gex","dl_cpi_core","dl_cpi_core_u","dl_re_tw","d4l_yn","d4l_pyn","d4l_nyn","d4l_cpi","d4l_cpi_u","d4l_cpi_tw","d4l_cpi_us","d4l_auct","d4l_ofr","d4l_ne_us","d4l_ne_tw","d4l_y_tw_gap","d4l_poil_us","d4l_ne_cross","d4l_ne_us_tar","d4l_oil","d4l_gex","d4l_cpi_core","d4l_cpi_core_u","d4l_re_tw","dl_cpi_nonc","dl_cpi_nonc_u","l_cpi_nonc"
"Comments ->","","","","","","","","","","","","","","","","","","","","","","","","","","","","","","","","","","","","","","","","","","","","","","","","","","","","","","","","","","","","","","","","","","","","","","","","","","","","","",""
"Class[Size] ->","Series[78-by-1]","Series[78-by-1]","Series[78-by-1]","Series[78-by-1]","Series[78-by-1]","Series[78-by-1]","Series[78-by-1]","Series[78-by-1]","Series[78-by-1]","Series[78-by-1]","Series[78-by-1]","Series[78-by-1]","Series[78-by-1]","Series[78-by-1]","Series[78-by-1]","Series[78-by-1]","Series[78-by-1]","Series[78-by-1]","Series[78-by-1]","Series[78-by-1]","Series[78-by-1]","Series[78-by-1]","Series[78-by-1]","Series[78-by-1]","Series[78-by-1]","Series[78-by-1]","Series[78-by-1]","Series[78-by-1]","Series[78-by-1]","Series[78-by-1]","Series[78-by-1]","Series[78-by-1]","Series[78-by-1]","Series[78-by-1]","Series[78-by-1]","Series[78-by-1]","Series[78-by-1]","Series[78-by-1]","Series[78-by-1]","Series[78-by-1]","Series[78-by-1]","Series[78-by-1]","Series[78-by-1]","Series[78-by-1]","Series[78-by-1]","Series[78-by-1]","Series[78-by-1]","Series[78-by-1]","Series[78-by-1]","Series[78-by-1]","Series[78-by-1]","Series[78-by-1]","Series[78-by-1]","Series[78-by-1]","Series[78-by-1]","Series[78-by-1]","Series[78-by-1]","Series[78-by-1]","Series[78-by-1]","Series[78-by-1]","Series[78-by-1]","Series[78-by-1]","Series[78-by-1]","Series[78-by-1]","Series[78-by-1]","Series[78-by-1]","Series[78-by-1]","Series[78-by-1]","Series[78-by-1]","Series[78-by-1]","Series[78-by-1]","Series[78-by-1]","Series[78-by-1]","Series[78-by-1]","Series[78-by-1]","Series[78-by-1]","Series[78-by-1]","Series[78-by-1]"
"2003Q1",1.22643000e+03,7.11186279e+02,8.86526201e+01,4.48472559e+02,1.08726233e+05,1.15965884e+03,4.57505563e+02,4.60116216e+02,4.87676710e+02,5.21260176e+02,NaN,NaN,NaN,NaN,7.00000000e+00,1.26666667e+00,9.80000000e-01,1.02040816e+00,9.43800000e-01,1.05954651e+00,2.02027073e+00,-5.78409997e+00,NaN,3.14100000e+01,3.44712631e+02,-7.80437070e+00,9.24924000e-01,1.08116991e+00,2.02027073e+00,6.00000000e+00,7.09462432e+02,7.62158661e+01,4.65418966e+02,4.66182899e+02,-3.59552470e+01,NaN,NaN,NaN,NaN,NaN,NaN,NaN,NaN,NaN,NaN,NaN,NaN,NaN,NaN,NaN,NaN,NaN,NaN,NaN,NaN,NaN,NaN,NaN,NaN,NaN,NaN,NaN,NaN,NaN,NaN,NaN,NaN,NaN,NaN,NaN,NaN,NaN,NaN,NaN,NaN,NaN,NaN,NaN
"2003Q2",1.26581000e+03,7.14346751e+02,8.90705952e+01,4.48942926e+02,1.12746450e+05,1.16328968e+03,4.59077437e+02,4.60386934e+02,4.89333949e+02,5.20962500e+02,NaN,NaN,NaN,NaN,7.00000000e+00,1.26666667e+00,9.80000000e-01,1.02040816e+00,8.84900000e-01,1.13007119e+00,2.02027073e+00,-1.22280635e+01,NaN,2.61400000e+01,3.26346671e+02,-1.42483342e+01,8.67202000e-01,1.15313387e+00,2.02027073e+00,6.00000000e+00,6.92122146e+02,7.71722298e+01,4.66550930e+02,4.66100010e+02,-4.24845757e+01,1.26418893e+01,1.88146887e+00,1.45233582e+01,6.28749526e+00,1.08287027e+00,6.62895591e+00,-1.19070699e+00,NaN,NaN,0.00000000e+00,-2.57758540e+01,NaN,-7.34638421e+01,-2.57758540e+01,0.00000000e+00,-6.93611428e+01,3.82545473e+00,4.52785625e+00,-3.31556602e-01,-2.61173147e+01,NaN,NaN,NaN,NaN,NaN,NaN,NaN,NaN,NaN,NaN,NaN,NaN,NaN,NaN,NaN,NaN,NaN,NaN,NaN,NaN,1.03933196e+01,4.38319962e+00,2.59832991e+00
"2003Q3",1.30726000e+03,7.17568862e+02,9.19885310e+01,4.52166391e+02,1.20252927e+05,1.16973525e+03,4.62216609e+02,4.59279391e+02,4.90635908e+02,5.21543385e+02,NaN,NaN,NaN,NaN,7.00000000e+00,1.00000000e+00,9.80000000e-01,1.02040816e+00,9.03900000e-01,1.10631707e+00,2.02027073e+00,-1.01036544e+01,NaN,2.84400000e+01,3.34779660e+02,-1.21239251e+01,8.85822000e-01,1.12889497e+00,2.02027073e+00,6.00000000e+00,6.94818415e+02,7.84855002e+01,4.68569687e+02,4.67901248e+02,-3.85229527e+01,1.28884441e+01,1.28938589e+01,2.57823030e+01,1.25566888e+01,-4.43017013e+00,5.20783323e+00,2.32354102e+00,NaN,NaN,0.00000000e+00,8.49763621e+00,NaN,3.37319587e+01,8.49763621e+00,0.00000000e+00,1.07850753e+01,5.25308158e+00,8.07502811e+00,7.20495070e+00,1.58464918e+01,NaN,NaN,NaN,NaN,NaN,NaN,NaN,NaN,NaN,NaN,NaN,NaN,NaN,NaN,NaN,NaN,NaN,NaN,NaN,NaN,2.30138971e+01,-3.15787854e+01,8.35180418e+00
"2003Q4",1.35533000e+03,7.21180025e+02,9.14567213e+01,4.51586587e+02,1.23954038e+05,1.17276661e+03,4.63154210e+02,4.62251882e+02,4.92506591e+02,5.22117120e+02,NaN,NaN,NaN,NaN,7.00000000e+00,1.00000000e+00,9.80000000e-01,1.02040816e+00,8.54600000e-01,1.17013808e+00,2.02027073e+00,-1.57121756e+01,NaN,2.94000000e+01,3.38099467e+02,-1.77324463e+01,8.37508000e-01,1.19401845e+00,2.02027073e+00,6.00000000e+00,6.99798170e+02,8.39822502e+01,4.69330102e+02,4.69682155e+02,-4.50645571e+01,1.44446494e+01,-2.31921502e+00,1.21254343e+01,3.75040129e+00,1.18899638e+01,7.48273392e+00,2.29493882e+00,NaN,NaN,0.00000000e+00,-2.24340846e+01,NaN,1.32792278e+01,-2.24340846e+01,0.00000000e+00,1.99190210e+01,2.19870003e+01,3.04165903e+00,7.12363114e+00,-2.61664173e+01,NaN,NaN,NaN,NaN,NaN,NaN,NaN,NaN,NaN,NaN,NaN,NaN,NaN,NaN,NaN,NaN,NaN,NaN,NaN,NaN,5.40413322e+00,2.30114065e+01,9.70283749e+00
"2004Q1",1.40253000e+03,7.24603303e+02,9.01939669e+01,4.50196254e+02,1.26499744e+05,1.17479956e+03,4.63057131e+02,4.65529280e+02,4.94182815e+02,5.23029690e+02,NaN,NaN,NaN,NaN,7.00000000e+00,1.00000000e+00,9.90000000e-01,1.01010101e+00,8.40600000e-01,1.18962646e+00,1.00503359e+00,-1.73639356e+01,NaN,3.19400000e+01,3.46385914e+02,-1.83689692e+01,8.32194000e-01,1.20164289e+00,1.00503359e+00,6.00000000e+00,7.06599384e+02,9.08121833e+01,4.70224476e+02,4.70991894e+02,-4.84896195e+01,1.36931126e+01,-5.56133204e+00,8.13178054e+00,-3.88315024e-01,1.31095884e+01,6.70489455e+00,3.65028095e+00,NaN,NaN,-4.06094859e+00,-6.60704026e+00,NaN,3.31457874e+01,-2.54609167e+00,-4.06094859e+00,2.72048564e+01,2.73197321e+01,3.57749736e+00,5.23895477e+00,-1.37002498e+01,1.34170238e+01,1.72369517e+00,1.51407190e+01,5.55156758e+00,5.41306308e+00,6.50610440e+00,1.76951345e+00,NaN,NaN,-1.01523715e+00,-1.15798357e+01,NaN,1.67328292e+00,-1.05645985e+01,-1.01523715e+00,-2.86304751e+00,1.45963172e+01,4.80551019e+00,4.80899500e+00,-1.25343725e+01,-9.64187724e+00,3.14744003e+01,7.29236818e+00
"2004Q2",1.43982000e+03,7.27227338e+02,9.46620101e+01,4.55031276e+02,1.36296255e+05,1.18225861e+03,4.65090488e+02,4.66325040e+02,4.95929947e+02,5.23788779e+02,NaN,NaN,NaN,NaN,7.00000000e+00,1.00000000e+00,9.80000000e-01,1.02040816e+00,8.58400000e-01,1.16495806e+00,2.02027073e+00,-1.52685088e+01,NaN,3.54300000e+01,3.56755892e+02,-1.72887795e+01,8.41232000e-01,1.18873272e+00,2.02027073e+00,6.00000000e+00,7.16518317e+02,9.52389477e+01,4.71889224e+02,4.71440619e+02,-4.61079683e+01,1.04961429e+01,1.93400881e+01,2.98362310e+01,8.13342756e+00,3.18304067e+00,6.98853027e+00,3.03635842e+00,NaN,NaN,4.06094859e+00,8.38170750e+00,NaN,4.14799104e+01,4.32075891e+00,4.06094859e+00,3.96757288e+01,1.77070578e+01,6.65898920e+00,1.79489987e+00,9.52660479e+00,1.28805872e+01,6.08834998e+00,1.89689372e+01,6.01305066e+00,5.93810568e+00,6.59599799e+00,2.82627980e+00,NaN,NaN,0.00000000e+00,-3.04044530e+00,NaN,3.04092211e+01,-3.04044530e+00,0.00000000e+00,2.43961704e+01,1.80667179e+01,5.33829342e+00,5.34060912e+00,-3.62339263e+00,1.15737837e+01,6.42203587e+00,1.01858141e+01
"2004Q3",1.47340000e+03,7.29532793e+02,9.38203441e+01,4.54138172e+02,1.38234895e+05,1.18367097e+03,4.67044714e+02,4.64246597e+02,4.97793241e+02,5.24233611e+02,NaN,NaN,NaN,NaN,7.00000000e+00,1.43333333e+00,9.80000000e-01,1.02040816e+00,8.56000000e-01,1.16822430e+00,2.02027073e+00,-1.55484903e+01,NaN,4.15900000e+01,3.72785975e+02,-1.75687610e+01,8.38880000e-01,1.19206561e+00,2.02027073e+00,6.00000000e+00,7.27996625e+02,9.47339520e+01,4.72912680e+02,4.72240067e+02,-4.62970172e+01,9.22181980e+00,-3.57241537e+00,5.64940442e+00,7.81690566e+00,-8.31377053e+00,7.45317525e+00,1.77932494e+00,NaN,NaN,0.00000000e+00,-1.11992607e+00,NaN,6.41203340e+01,-1.11992607e+00,0.00000000e+00,4.59132337e+01,-2.01998270e+00,4.09382443e+00,3.19778989e+00,-7.56195652e-01,1.19639312e+01,1.97178142e+00,1.39357126e+01,4.82810487e+00,4.96720558e+00,7.15733350e+00,2.69022578e+00,NaN,NaN,0.00000000e+00,-5.44483587e+00,NaN,3.80063149e+01,-5.44483587e+00,0.00000000e+00,3.31782100e+01,1.62484519e+01,4.34299251e+00,4.33881892e+00,-7.77406449e+00,1.65040952e+01,-3.51740782e+01,1.43118379e+01
"2004Q4",1.49639000e+03,7.31081082e+02,9.75047871e+01,4.57990148e+02,1.45905188e+05,1.18907123e+03,4.73079446e+02,4.72259760e+02,4.99758151e+02,5.25386343e+02,NaN,NaN,NaN,NaN,7.00000000e+00,1.96666667e+00,9.80000000e-01,1.02040816e+00,8.02500000e-01,1.24610592e+00,2.02027073e+00,-2.20023424e+01,NaN,4.41600000e+01,3.78781940e+02,-2.40226131e+01,7.86450000e-01,1.27153665e+00,2.02027073e+00,6.00000000e+00,7.33087187e+02,9.51524712e+01,4.77936525e+02,4.78278668e+02,-4.86810474e+01,6.19315420e+00,1.54079017e+01,2.16010559e+01,2.41389280e+01,3.20526529e+01,7.85964014e+00,4.61093013e+00,NaN,NaN,0.00000000e+00,-2.58154085e+01,NaN,2.39838593e+01,-2.58154085e+01,0.00000000e+00,2.03622490e+01,1.67407647e+00,2.00953827e+01,2.41544047e+01,-9.53612057e+00,9.90105736e+00,6.40356059e+00,1.63046180e+01,9.92523656e+00,1.00078779e+01,7.25156005e+00,3.26922361e+00,NaN,NaN,0.00000000e+00,-6.29016682e+00,NaN,4.06824728e+01,-6.29016682e+00,0.00000000e+00,3.32890170e+01,1.11702209e+01,8.60642343e+00,8.59651230e+00,-3.61649031e+00,3.35738670e+01,5.04818986e+01,2.27053047e+01
"2005Q1",1.51473000e+03,7.32299248e+02,9.82703085e+01,4.58772193e+02,1.48852984e+05,1.19107144e+03,4.75160943e+02,4.77356184e+02,5.01642327e+02,5.26027153e+02,NaN,NaN,8.91340000e-01,-1.15029331e+01,7.00000000e+00,2.46666667e+00,9.80000000e-01,1.02040816e+00,8.09400000e-01,1.23548307e+00,2.02027073e+00,-2.11462047e+01,-3.17943209e+00,4.76400000e+01,3.86367274e+02,-2.31664754e+01,7.93212000e-01,1.26069701e+00,2.02027073e+00,6.00000000e+00,7.45823091e+02,9.72659199e+01,4.79804739e+02,4.80576959e+02,-4.76275888e+01,4.87266580e+00,3.12818261e+00,8.00084841e+00,8.32598655e+00,2.03856938e+01,7.53670335e+00,2.56324112e+00,NaN,NaN,0.00000000e+00,3.42455098e+00,NaN,3.03413370e+01,3.42455098e+00,0.00000000e+00,5.09436151e+01,8.45379504e+00,7.47285365e+00,9.19316340e+00,4.21383417e+00,7.69594567e+00,8.57593926e+00,1.62718849e+01,1.21038119e+01,1.18269042e+01,7.45951225e+00,2.99746365e+00,NaN,NaN,1.01523715e+00,-3.78226901e+00,NaN,3.99813602e+01,-4.79750616e+00,1.01523715e+00,3.92237067e+01,6.45373665e+00,9.58026250e+00,9.58506446e+00,8.62030685e-01,1.03166300e+01,4.65015979e+01,2.52844622e+01
"2005Q2",1.55806000e+03,7.35119674e+02,9.84012053e+01,4.58905305e+02,1.53314982e+05,1.19402498e+03,4.77732399e+02,4.78824146e+02,5.03283578e+02,5.26691705e+02,NaN,NaN,9.89370000e-01,-1.06869021e+00,7.16666667e+00,2.93333333e+00,9.60000000e-01,1.04166667e+00,8.75900000e-01,1.14168284e+00,4.08219945e+00,-1.32503350e+01,-2.63368787e+00,5.16100000e+01,3.94371545e+02,-1.73325344e+01,8.40864000e-01,1.18925296e+00,4.08219945e+00,6.00000000e+00,7.70103157e+02,9.42897012e+01,4.80383532e+02,4.79947648e+02,-3.88015142e+01,1.12817009e+01,5.32448759e-01,1.18141497e+01,1.02858245e+01,5.87184977e+00,6.56500482e+00,2.65820689e+00,NaN,4.17369714e+01,8.24771488e+00,3.15834787e+01,2.18297688e+00,3.20170831e+01,2.33357638e+01,8.24771488e+00,9.71202629e+01,-1.19048750e+01,2.31517156e+00,-2.51724138e+00,3.53042983e+01,7.89233518e+00,3.87402942e+00,1.17663646e+01,1.26419112e+01,1.24991065e+01,7.35363089e+00,2.90292577e+00,NaN,NaN,2.06192872e+00,2.01817379e+00,NaN,3.76156533e+01,-4.37549350e-02,2.06192872e+00,5.35848402e+01,-9.49246555e-01,8.49430809e+00,8.50702915e+00,7.30645407e+00,2.88840145e+01,2.54463958e+01,3.25054658e+01
"2005Q3",1.60510000e+03,7.38094134e+02,1.03704494e+02,4.64154545e+02,1.66456084e+05,1.20224868e+03,4.78117544e+02,4.75617306e+02,5.04910483e+02,5.27994075e+02,NaN,NaN,1.02581000e+00,2.54825444e+00,8.00000000e+00,3.46666667e+00,9.30000000e-01,1.07526882e+00,9.00200000e-01,1.11086425e+00,7.25706928e+00,-1.05138318e+01,-1.76548032e+00,6.15600000e+01,4.12001231e+02,-1.77709011e+01,8.37186000e-01,1.19447769e+00,7.25706928e+00,6.00000000e+00,7.94897381e+02,1.03694347e+02,4.80751633e+02,4.80091729e+02,-3.73067715e+01,1.18978409e+01,2.09969601e+01,3.28948010e+01,1.54057870e+00,-1.28273609e+01,6.50762029e+00,5.20948090e+00,NaN,1.44677786e+01,1.26994793e+01,1.09460127e+01,3.47283022e+00,7.05187427e+01,-1.75346665e+00,1.26994793e+01,9.91768968e+01,3.76185817e+01,1.47240393e+00,5.76321326e-01,5.97897108e+00,8.56134047e+00,1.00163733e+01,1.85777138e+01,1.10728294e+01,1.13707089e+01,7.11724215e+00,3.76046476e+00,NaN,NaN,5.23679855e+00,5.03465847e+00,NaN,3.92152555e+01,-2.02140080e-01,5.23679855e+00,6.69007560e+01,8.96039454e+00,7.83895297e+00,7.85166201e+00,8.99024575e+00,1.69965317e+00,-4.41026193e+01,3.29303791e+01
"2005Q4",1.65722000e+03,7.41289678e+02,1.02186748e+02,4.62680200e+02,1.69345923e+05,1.20396988e+03,4.78658182e+02,4.77878730e+02,5.06357204e+02,5.29059046e+02,NaN,NaN,9.61710000e-01,-3.90423291e+00,9.00000000e+00,4.00000000e+00,9.20000000e-01,1.08695652e+00,9.21200000e-01,1.08554060e+00,8.33816089e+00,-8.20781110e+00,-2.01774210e+00,5.69200000e+01,4.04164677e+02,-1.65459720e+01,8.47504000e-01,1.17993543e+00,8.33816089e+00,6.00000000e+00,7.98154615e+02,1.07152611e+02,4.81828737e+02,4.82147694e+02,-3.59068337e+01,1.27821759e+01,-5.89738068e+00,6.88479523e+00,2.16255216e+00,9.04569705e+00,5.78688402e+00,4.25988364e+00,NaN,-2.58099494e+01,4.32436644e+00,9.22408284e+00,-1.00904713e+00,-3.13462143e+01,4.89971639e+00,4.32436644e+00,1.30289373e+01,1.38330585e+01,4.30841914e+00,8.22386323e+00,5.59975098e+00,1.02085959e+01,4.69005270e+00,1.48986486e+01,5.57873547e+00,5.61896993e+00,6.59905312e+00,3.67270314e+00,NaN,NaN,6.31789016e+00,1.37945313e+01,NaN,2.53827371e+01,7.47664113e+00,6.31789016e+00,6.50674280e+01,1.20001400e+01,3.89221207e+00,3.86902665e+00,1.27742136e+01,-2.84447078e+00,1.09633093e+01,3.22192614e+01
"2006Q1",1.71074000e+03,7.44468130e+02,1.09567791e+02,4.69654345e+02,1.87442003e+05,1.21412248e+03,4.80582496e+02,4.82663232e+02,5.08120237e+02,5.29609846e+02,NaN,NaN,1.02656000e+00,2.62134068e+00,9.00000000e+00,4.46666667e+00,9.10000000e-01,1.09890110e+00,9.17100000e-01,1.09039363e+00,9.43106795e+00,-8.65387614e+00,-1.13797790e+00,6.18400000e+01,4.12455040e+02,-1.80849441e+01,8.34561000e-01,1.19823476e+00,9.43106795e+00,6.00000000e+00,8.06369146e+02,1.12739284e+02,4.83759201e+02,4.84519102e+02,-3.61916171e+01,1.27138103e+01,2.78965806e+01,4.06103909e+01,7.69725584e+00,1.91380089e+01,7.05212910e+00,2.20319993e+00,NaN,2.61022944e+01,4.37162821e+00,-1.78426015e+00,3.51905680e+00,3.31614524e+01,-6.15588837e+00,4.37162821e+00,3.28581224e+01,2.23466896e+01,7.72185400e+00,9.48562999e+00,-1.13913341e+00,1.21688820e+01,1.08821522e+01,2.30510342e+01,5.42155279e+00,5.30704873e+00,6.47790956e+00,3.58269284e+00,NaN,1.41242737e+01,7.41079722e+00,1.24923285e+01,2.04145419e+00,2.60877660e+01,5.08153130e+00,7.41079722e+00,6.05460549e+01,1.54733637e+01,3.95446216e+00,3.94214329e+00,1.14359717e+01,7.63986014e+00,4.16602265e+01,3.41292264e+01
"2006Q2",1.74699000e+03,7.46564959e+02,1.14506550e+02,4.74063203e+02,2.00041798e+05,1.22062816e+03,4.83917092e+02,4.84944881e+02,5.09768068e+02,5.30622333e+02,NaN,NaN,1.44463000e+00,3.67853233e+01,9.00000000e+00,4.90000000e+00,9.00000000e-01,1.11111111e+00,9.09000000e-01,1.10011001e+00,1.05360516e+01,-9.54101848e+00,-1.83494466e-01,6.98500000e+01,4.24635009e+02,-2.00770700e+01,8.18100000e-01,1.22234446e+00,1.05360516e+01,6.00000000e+00,8.23772217e+02,1.11957030e+02,4.86635081e+02,4.86206132e+02,-3.53919936e+01,8.38731264e+00,1.76354306e+01,2.60227432e+01,1.33383872e+01,9.12659412e+00,6.59132394e+00,4.04994870e+00,NaN,1.36655931e+02,4.41993447e+00,-3.54856935e+00,3.81793373e+00,4.87198726e+01,-7.96850383e+00,4.41993447e+00,6.96122851e+01,-3.12901247e+00,1.15035197e+01,6.74812126e+00,3.19849394e+00,1.14452849e+01,1.51578977e+01,2.66031826e+01,6.18469349e+00,6.12073482e+00,6.48448934e+00,3.93062829e+00,NaN,3.78540135e+01,6.45385211e+00,3.70931650e+00,2.45019341e+00,3.02634634e+01,-2.74453561e+00,6.45385211e+00,5.36690604e+01,1.76673293e+01,6.25154919e+00,6.25848395e+00,3.40952065e+00,1.76197449e+01,1.46763642e+01,3.85341626e+01
"2006Q3",1.78637000e+03,7.48794091e+02,1.16482264e+02,4.75773902e+02,2.08080422e+05,1.22456799e+03,4.87247087e+02,4.84968376e+02,5.11303146e+02,5.31274824e+02,NaN,NaN,1.52232000e+00,4.20235487e+01,9.50000000e+00,5.26666667e+00,8.80000000e-01,1.13636364e+00,9.17300000e-01,1.09015589e+00,1.27833372e+01,-8.63207065e+00,2.52841995e-01,7.00900000e+01,4.24978013e+02,-2.14154078e+01,8.07224000e-01,1.23881351e+00,1.27833372e+01,6.00000000e+00,8.30899337e+02,1.08787377e+02,4.88344044e+02,4.87710137e+02,-3.26881292e+01,8.91652833e+00,6.84279674e+00,1.57593251e+01,1.33199787e+01,9.39812825e-02,6.14031225e+00,2.60996356e+00,NaN,2.09529014e+01,8.98914234e+00,3.63579134e+00,1.74534584e+00,1.37201792e+00,-5.35335101e+00,8.98914234e+00,2.85084793e+01,-1.26786143e+01,6.83585339e+00,6.01601796e+00,1.08154578e+01,1.06999568e+01,1.16193568e+01,2.23193136e+01,9.12954348e+00,9.35107035e+00,6.39266233e+00,3.28074896e+00,NaN,3.94752943e+01,5.52626787e+00,1.88176117e+00,2.01832231e+00,1.29767822e+01,-3.64450670e+00,5.52626787e+00,3.60019560e+01,5.09303033e+00,7.59241155e+00,7.61840811e+00,4.61864232e+00,2.84496043e+01,-1.37241043e+01,4.56465637e+01
"2006Q4",1.82412000e+03,7.50885296e+02,1.28544960e+02,4.85627873e+02,2.34481433e+05,1.23651317e+03,4.89165377e+02,4.88461845e+02,5.13152582e+02,5.30979058e+02,NaN,NaN,1.96733000e+00,6.76677294e+01,9.50000000e+00,5.26666667e+00,8.70000000e-01,1.14942529e+00,9.00300000e-01,1.11074086e+00,1.39262067e+01,-1.05027238e+01,1.31998855e+00,5.97100000e+01,4.08949951e+02,-2.44289305e+01,7.83261000e-01,1.27671364e+00,1.39262067e+01,6.00000000e+00,8.18554243e+02,1.18625831e+02,4.90350695e+02,4.90653980e+02,-3.44899289e+01,8.36482044e+00,3.94158824e+01,4.77807029e+01,7.67315996e+00,1.39738762e+01,7.39774648e+00,-1.18306716e+00,NaN,1.02576723e+02,4.57147833e+00,-7.48261256e+00,4.26858622e+00,-6.41122480e+01,-1.20540909e+01,4.57147833e+00,-4.93803740e+01,3.93538157e+01,8.02660376e+00,1.17753740e+01,-7.20719908e+00,9.59561793e+00,2.29476726e+01,3.25432905e+01,1.05071954e+01,1.05831151e+01,6.79537794e+00,1.92001126e+00,NaN,7.15719623e+01,5.58804584e+00,-2.29491268e+00,3.33773065e+00,4.78527373e+00,-7.88295852e+00,5.58804584e+00,2.03996282e+01,1.14732196e+01,8.52195771e+00,8.50628581e+00,1.41690480e+00,6.84845777e+00,1.91037146e+01,4.73586782e+01
"2007Q1",1.87466000e+03,7.53618259e+02,1.29658941e+02,4.86490747e+02,2.43066430e+05,1.24010901e+03,4.96115962e+02,4.97900702e+02,5.14557067e+02,5.32005343e+02,NaN,NaN,2.00762000e+00,6.96949941e+01,9.50000000e+00,5.30000000e+00,8.70000000e-01,1.14942529e+00,9.01000000e-01,1.10987791e+00,1.39262067e+01,-1.04250021e+01,2.29397575e+00,5.81500000e+01,4.06302588e+02,-2.43512089e+01,7.83870000e-01,1.27572174e+00,1.39262067e+01,6.00000000e+00,8.22173473e+02,1.30423219e+02,4.93083523e+02,4.93832996e+02,-2.88661069e+01,1.09318523e+01,3.45149646e+00,1.43833487e+01,2.78023388e+01,3.77554261e+01,5.61793737e+00,4.10514242e+00,NaN,8.10905895e+00,0.00000000e+00,3.10886598e-01,3.89594881e+00,-1.05894526e+01,3.10886598e-01,0.00000000e+00,1.44769179e+01,4.71895527e+01,1.09313127e+01,1.27160637e+01,2.24952880e+01,9.15012842e+00,1.68364016e+01,2.59865300e+01,1.55334662e+01,1.52374694e+01,6.43683001e+00,2.39549688e+00,NaN,6.70736534e+01,4.49513879e+00,-1.77112600e+00,3.43195365e+00,-6.15245253e+00,-6.26626478e+00,4.49513879e+00,1.58043271e+01,1.76839354e+01,9.32432238e+00,9.31389425e+00,7.32551015e+00,6.71680662e+01,9.61806048e+01,6.41506947e+01
"2007Q2",1.92829000e+03,7.56438888e+02,1.40009591e+02,4.94171093e+02,2.69979095e+05,1.25060998e+03,4.98315682e+02,4.99206391e+02,5.16177733e+02,5.33237755e+02,NaN,NaN,2.47710000e+00,9.07088521e+01,1.23333333e+01,5.30000000e+00,8.60000000e-01,1.16279070e+00,9.00000000e-01,1.11111111e+00,1.50822890e+01,-1.05360516e+01,3.42532032e+00,6.87700000e+01,4.23076760e+02,-2.56183405e+01,7.74000000e-01,1.29198966e+00,1.50822890e+01,6.00000000e+00,8.37478692e+02,1.48132612e+02,4.95260380e+02,4.94830308e+02,-2.83981032e+01,1.12825161e+01,3.07213839e+01,4.20039000e+01,8.79887921e+00,5.22275595e+00,6.48266666e+00,4.92964726e+00,NaN,8.40554321e+01,4.62432896e+00,-4.44197714e-01,4.52537826e+00,6.70966897e+01,-5.06852667e+00,4.62432896e+00,6.12208753e+01,7.08375705e+01,8.70742477e+00,3.98924689e+00,1.87201484e+00,9.87392928e+00,2.01078899e+01,2.99818192e+01,1.43985891e+01,1.42615099e+01,6.40966569e+00,2.61542152e+00,NaN,5.39235288e+01,4.54623741e+00,-9.95033085e-01,3.60881478e+00,-1.55824824e+00,-5.54127049e+00,4.54623741e+00,1.37064746e+01,3.61755811e+01,8.62529865e+00,8.62417565e+00,6.99389037e+00,9.01227293e+00,8.10094376e+00,6.64037630e+01
"2007Q3",1.98682000e+03,7.59429065e+02,1.50437678e+02,5.01354890e+02,2.98892588e+05,1.26078396e+03,5.01755551e+02,4.99788772e+02,5.18103378e+02,5.33607831e+02,NaN,NaN,3.13565000e+00,1.14283649e+02,1.30000000e+01,5.06666667e+00,8.50000000e-01,1.17647059e+00,8.81000000e-01,1.13507378e+00,1.62518929e+01,-1.26697653e+01,3.76234313e+00,7.50500000e+01,4.31815456e+02,-2.89216583e+01,7.48850000e-01,1.33538092e+00,1.62518929e+01,6.00000000e+00,8.34842049e+02,1.56736514e+02,4.98721923e+02,4.98112192e+02,-2.90175918e+01,1.19607083e+01,2.87351888e+01,4.06958971e+01,1.37594793e+01,2.32952511e+00,7.70257853e+00,1.48030339e+00,NaN,9.42991872e+01,4.67841591e+00,-8.53485496e+00,1.34809126e+00,3.49547819e+01,-1.32132709e+01,4.67841591e+00,-1.05465727e+01,3.44156085e+01,1.38461740e+01,1.31275365e+01,-2.47795418e+00,1.06349743e+01,2.55809879e+01,3.62159622e+01,1.45084643e+01,1.48203958e+01,6.80023226e+00,2.33300648e+00,NaN,7.22601002e+01,3.46855580e+00,-4.03769466e+00,3.50950114e+00,6.83744276e+00,-7.50625046e+00,3.46855580e+00,3.94271162e+00,4.79491368e+01,1.03778788e+01,1.04020553e+01,3.67053739e+00,1.35571917e+01,-2.28658349e+01,6.97930609e+01
"2007Q4",2.05571000e+03,7.62837657e+02,1.60889875e+02,5.08072013e+02,3.30742925e+05,1.27090967e+03,5.06236826e+02,5.05643687e+02,5.21792377e+02,5.34876887e+02,NaN,NaN,4.01526000e+00,1.39010210e+02,1.30000000e+01,4.50000000e+00,8.50000000e-01,1.17647059e+00,8.54000000e-01,1.17096019e+00,1.62518929e+01,-1.57824085e+01,4.88788963e+00,8.89600000e+01,4.48818683e+02,-3.20343015e+01,7.25900000e-01,1.37760022e+00,1.62518929e+01,6.00000000e+00,8.59585765e+02,1.58319935e+02,5.04641684e+02,5.04928033e+02,-3.13379603e+01,1.36343666e+01,2.68684898e+01,4.05028564e+01,1.79250965e+01,2.34196594e+01,1.47559978e+01,5.07622476e+00,NaN,9.89062453e+01,0.00000000e+00,-1.24505729e+01,4.50218598e+00,6.80129090e+01,-1.24505729e+01,0.00000000e+00,9.89748655e+01,6.33368505e+00,2.36790459e+01,2.72633647e+01,-9.28147409e+00,1.19523608e+01,2.24441397e+01,3.43965005e+01,1.70714485e+01,1.71818416e+01,8.63979508e+00,3.89782946e+00,NaN,7.13424809e+01,2.32568622e+00,-5.27968473e+00,3.56790108e+00,3.98687320e+01,-7.60537095e+00,2.32568622e+00,4.10315215e+01,3.96941042e+01,1.42909893e+01,1.42740530e+01,3.15196864e+00,4.49921462e+00,1.44510139e+01,7.09178645e+01
"2008Q1",2.14382000e+03,7.67034456e+02,1.76347858e+02,5.17245851e+02,3.78058064e+05,1.28428031e+03,5.11722299e+02,5.13249888e+02,5.24140399e+02,5.36019076e+02,NaN,NaN,4.26071000e+00,1.44943581e+02,1.30000000e+01,3.16666667e+00,8.50000000e-01,1.17647059e+00,8.26000000e-01,1.21065375e+00,1.62518929e+01,-1.91160505e+01,5.71365340e+00,9.66500000e+01,4.57109621e+02,-3.53679435e+01,7.02100000e-01,1.42429853e+00,1.62518929e+01,6.00000000e+00,8.66720910e+02,1.50422824e+02,5.11305470e+02,5.12038041e+02,-3.15341509e+01,1.67871990e+01,3.66953533e+01,5.34825523e+01,2.19418925e+01,3.04248048e+01,9.39208693e+00,4.56875484e+00,NaN,2.37334842e+01,0.00000000e+00,-1.33345681e+01,3.30305509e+00,3.31637501e+01,-1.33345681e+01,0.00000000e+00,2.85405799e+01,-3.15884455e+01,2.66551419e+01,2.84400308e+01,-7.84762554e-01,1.34161975e+01,3.07551039e+01,4.41713014e+01,1.56063369e+01,1.53491863e+01,9.58333247e+00,4.01373256e+00,NaN,7.52485872e+01,2.32568622e+00,-8.69104841e+00,3.41967765e+00,5.08070327e+01,-1.10167346e+01,2.32568622e+00,4.45474370e+01,1.99996046e+01,1.82219466e+01,1.82050447e+01,-2.66804400e+00,1.09443105e+01,3.50559441e+01,7.36539422e+01
"2008Q2",2.22451000e+03,7.70729195e+02,1.81908274e+02,5.20350257e+02,4.04656774e+05,1.29107945e+03,5.19875737e+02,5.20592792e+02,5.26552832e+02,5.37523915e+02,NaN,NaN,5.22519000e+00,1.65349116e+02,1.43333333e+01,2.10000000e+00,8.30000000e-01,1.20481928e+00,8.46200000e-01,1.18175372e+00,1.86329578e+01,-1.66999541e+01,4.83220500e+00,1.22250000e+02,4.80606813e+02,-3.53329119e+01,7.02346000e-01,1.42379967e+00,1.86329578e+01,6.00000000e+00,8.84643293e+02,1.48074102e+02,5.19171539e+02,5.18748204e+02,-2.33770485e+01,1.47789529e+01,1.24176247e+01,2.71965776e+01,3.26137550e+01,2.93716142e+01,9.64973103e+00,6.01935680e+00,NaN,8.16221391e+01,9.52425948e+00,9.66438591e+00,-3.52579362e+00,9.39887691e+01,1.40126429e-01,9.52425948e+00,7.16895311e+01,-9.39488823e+00,3.14642757e+01,2.68406535e+01,3.26284099e+01,1.42903067e+01,2.61791642e+01,4.04694708e+01,2.15600558e+01,2.13864009e+01,1.03750986e+01,4.28615995e+00,NaN,7.46402640e+01,3.55066885e+00,-6.16390250e+00,1.40688468e+00,5.75300525e+01,-9.71457135e+00,3.55066885e+00,4.71646009e+01,-5.85100550e-02,2.39111594e+01,2.39178964e+01,5.02105476e+00,3.52958734e+01,3.52771891e+01,8.24779105e+01
"2008Q3",2.29969000e+03,7.74052961e+02,1.84559720e+02,5.21797310e+02,4.24430142e+05,1.29585027e+03,5.23013363e+02,5.21428337e+02,5.28518815e+02,5.38774735e+02,NaN,NaN,5.43861000e+00,1.69352351e+02,1.50000000e+01,1.93333333e+00,8.10000000e-01,1.23456790e+00,9.02000000e-01,1.10864745e+00,2.10721031e+01,-1.03140759e+01,1.66177116e+00,1.15610000e+02,4.75022246e+02,-3.13861790e+01,7.30620000e-01,1.36870056e+00,2.10721031e+01,6.00000000e+00,8.58736682e+02,1.55440778e+02,5.20907941e+02,5.20342335e+02,-1.58195285e+01,1.32950658e+01,5.78820986e+00,1.90832757e+01,1.25505014e+01,3.34218147e+00,7.86393426e+00,5.00327911e+00,NaN,1.60129411e+01,9.75658125e+00,2.55435127e+01,-1.26817354e+01,-2.23382683e+01,1.57869315e+01,9.75658125e+00,-1.03626443e+02,2.94667067e+01,6.94561041e+00,6.37652516e+00,3.02300799e+01,1.46238961e+01,2.04424194e+01,3.50663155e+01,2.12578114e+01,2.16395650e+01,1.04154375e+01,5.16690388e+00,NaN,5.50687024e+01,4.82021018e+00,2.35568941e+00,-2.10057198e+00,4.32067900e+01,-2.46452077e+00,4.82021018e+00,2.38946333e+01,-1.29573551e+00,2.21860185e+01,2.22301435e+01,1.31980633e+01,2.56285805e+01,-3.73795379e+00,8.88850556e+01
"2008Q4",2.37393000e+03,7.77230209e+02,1.82989008e+02,5.20942609e+02,4.34403096e+05,1.29817282e+03,5.23248813e+02,5.22751930e+02,5.30119834e+02,5.36465671e+02,NaN,NaN,6.13699000e+00,1.81433439e+02,9.33333333e+00,5.33333333e-01,8.10000000e-01,1.23456790e+00,1.00100000e+00,9.99000999e-01,2.10721031e+01,9.99500333e-02,7.41955499e-01,5.57800000e+01,4.02141538e+02,-2.09721531e+01,8.10810000e-01,1.23333457e+00,2.10721031e+01,6.00000000e+00,7.73725330e+02,1.58509046e+02,5.20161429e+02,5.20437385e+02,-6.77107049e+00,1.27089914e+01,-3.41880342e+00,9.29018794e+00,9.41801998e-01,5.29436972e+00,6.40407366e+00,-9.23625470e+00,NaN,4.83243522e+01,0.00000000e+00,4.16561037e+01,-3.67926263e+00,-2.91522830e+02,4.16561037e+01,0.00000000e+00,-3.40045409e+02,1.22730696e+01,-2.98604989e+00,3.80199758e-01,3.61938320e+01,1.43925523e+01,1.28705961e+01,2.72631484e+01,1.70119877e+01,1.71082425e+01,8.32745647e+00,1.58878401e+00,NaN,4.24232291e+01,4.82021018e+00,1.58823586e+01,-4.14593413e+00,-4.66771448e+01,1.10621484e+01,4.82021018e+00,-8.58604355e+01,1.89110620e-01,1.55197445e+01,1.55093523e+01,2.45668898e+01,1.01067897e+01,1.67607663e+01,9.14117531e+01
"2009Q1",2.20481000e+03,7.69839662e+02,1.92873584e+02,5.26203497e+02,4.25249607e+05,1.29604316e+03,5.19738669e+02,5.21150597e+02,5.31812605e+02,5.35978199e+02,NaN,NaN,4.96183000e+00,1.60177462e+02,5.33333333e+00,2.00000000e-01,8.00000000e-01,1.25000000e+00,1.08050000e+00,9.25497455e-01,2.23143551e+01,7.74238970e+00,-3.78121051e+00,4.49300000e+01,3.80510572e+02,-1.45719654e+01,8.64400000e-01,1.15687182e+00,2.23143551e+01,6.00000000e+00,7.72594411e+02,1.61873083e+02,5.17423166e+02,5.18128287e+02,-4.33154627e+00,-2.95621889e+01,2.10435536e+01,-8.51863526e+00,-1.40405759e+01,-6.40533027e+00,6.77108583e+00,-1.94988980e+00,NaN,-8.50239079e+01,4.96900800e+00,3.05697587e+01,-1.80926640e+01,-8.65238636e+01,2.56007507e+01,4.96900800e+00,-4.52367300e+00,1.34561488e+01,-1.09530533e+01,-9.23639554e+00,9.75809690e+00,2.80520529e+00,8.95764621e+00,1.17628515e+01,8.01637063e+00,7.90070877e+00,7.67220620e+00,-4.08771448e-02,NaN,1.52338811e+01,6.06246218e+00,2.68584402e+01,-9.49486391e+00,-7.65990483e+01,2.07959781e+01,6.06246218e+00,-9.41264987e+01,1.14502592e+01,6.11769572e+00,6.09024571e+00,2.72026047e+01,-2.12447954e+01,2.00488697e-01,8.61005542e+01
"2009Q2",2.26735000e+03,7.72636703e+02,1.90312021e+02,5.24866494e+02,4.31503961e+05,1.29750320e+03,5.19148283e+02,5.19866276e+02,5.33272859e+02,5.36367210e+02,NaN,NaN,5.07715000e+00,1.62475008e+02,2.33333333e+00,2.00000000e-01,8.00000000e-01,1.25000000e+00,1.00680000e+00,9.93245928e-01,2.23143551e+01,6.77698428e-01,-5.39483840e+00,5.91800000e+01,4.08058365e+02,-2.16366567e+01,8.05440000e-01,1.24155741e+00,2.23143551e+01,6.00000000e+00,8.16896725e+02,1.68299380e+02,5.17655574e+02,5.17226028e+02,-1.34468777e+01,1.11881645e+01,-5.34801187e+00,5.84015264e+00,-2.36154650e+00,-5.13728247e+00,5.84101429e+00,1.55604744e+00,NaN,9.19018249e+00,0.00000000e+00,-2.82587651e+01,-6.45451156e+00,1.10191170e+02,-2.82587651e+01,0.00000000e+00,1.77209257e+02,2.57051897e+01,9.29632078e-01,-3.60903252e+00,-3.64613259e+01,1.90750820e+00,4.51623705e+00,6.42374525e+00,-7.27454745e-01,-7.26515387e-01,6.72002701e+00,-1.15670449e+00,NaN,-2.87410803e+00,3.68139731e+00,1.73776525e+01,-1.02270434e+01,-7.25484481e+01,1.36962552e+01,3.68139731e+00,-6.77465673e+01,2.02252787e+01,-1.51596518e+00,-1.52217579e+00,9.93017074e+00,-1.00409632e+01,-8.70319901e+00,8.35903134e+01
"2009Q3",2.33007000e+03,7.75365359e+02,1.94560895e+02,5.27074520e+02,4.53340505e+05,1.30243988e+03,5.22021789e+02,5.20417151e+02,5.34293372e+02,5.37139160e+02,NaN,NaN,5.10365000e+00,1.62995597e+02,2.00000000e+00,2.00000000e-01,8.00000000e-01,1.25000000e+00,9.89500000e-01,1.01061142e+00,2.23143551e+01,-1.05555139e+00,-4.25519016e+00,6.83700000e+01,4.22493413e+02,-2.33699065e+01,7.91600000e-01,1.26326427e+00,2.23143551e+01,6.00000000e+00,8.25427733e+02,1.69745802e+02,5.18961727e+02,5.18422048e+02,-1.33271349e+01,1.09146246e+01,8.83210316e+00,1.97467277e+01,1.14940239e+01,2.20349811e+00,4.08205326e+00,3.08779812e+00,NaN,2.08235580e+00,0.00000000e+00,-6.93299929e+00,4.55859296e+00,5.77401940e+01,-6.93299929e+00,0.00000000e+00,3.41240303e+01,5.78568680e+00,5.22461208e+00,4.78407644e+00,4.78971315e-01,1.31239788e+00,5.27721038e+00,6.58960826e+00,-9.91574142e-01,-1.01118623e+00,5.77455676e+00,-1.63557473e+00,NaN,-6.35675435e+00,1.24225200e+00,9.25852450e+00,-5.91696132e+00,-5.25288326e+01,8.01627250e+00,1.24225200e+00,-3.33089488e+01,1.43050237e+01,-1.94621476e+00,-1.92028797e+00,2.49239360e+00,2.61226513e+01,-3.81785132e+00,9.01209763e+01
"2009Q4",2.37455000e+03,7.77256322e+02,1.97448226e+02,5.28547640e+02,4.68850686e+05,1.30580396e+03,5.22744581e+02,5.22246171e+02,5.35754764e+02,5.37899670e+02,NaN,NaN,5.16167000e+00,1.64126017e+02,2.00000000e+00,1.00000000e-01,8.00000000e-01,1.25000000e+00,9.83400000e-01,1.01688021e+00,2.23143551e+01,-1.67393240e+00,-4.05390641e+00,7.49800000e+01,4.31722141e+02,-2.39882875e+01,7.86720000e-01,1.27110026e+00,2.23143551e+01,6.00000000e+00,8.30808415e+02,1.70556778e+02,5.19657808e+02,5.19917914e+02,-1.46841161e+01,7.56385432e+00,5.89248231e+00,1.34563366e+01,2.89116838e+00,7.31608223e+00,5.84556918e+00,3.04204101e+00,NaN,4.52168021e+00,0.00000000e+00,-2.47352403e+00,8.05135016e-01,3.69149118e+01,-2.47352403e+00,0.00000000e+00,2.15227260e+01,3.24390313e+00,2.78432647e+00,5.98346570e+00,-5.42792483e+00,2.61136197e-02,7.60503181e+00,7.63114543e+00,-5.04232547e-01,-5.05758099e-01,5.63493064e+00,1.43399919e+00,NaN,-1.73074223e+01,1.24225200e+00,-1.77388243e+00,-4.79586191e+00,2.95806029e+01,-3.01613443e+00,1.24225200e+00,5.70830850e+01,1.20477321e+01,-5.03620669e-01,-5.19471482e-01,-7.91304562e+00,3.14046616e+00,1.04255208e+01,9.09060928e+01
"2010Q1",2.43832000e+03,7.79906456e+02,1.91111513e+02,5.25285710e+02,4.65991024e+05,1.30519217e+03,5.23467877e+02,5.24833900e+02,5.37220761e+02,5.38309630e+02,NaN,NaN,5.50995000e+00,1.70655555e+02,2.00000000e+00,1.33333333e-01,8.00000000e-01,1.25000000e+00,1.02170000e+00,9.78760889e-01,2.23143551e+01,2.14679066e+00,-3.09598275e+00,7.66700000e+01,4.33951050e+02,-2.01675645e+01,8.17360000e-01,1.22345111e+00,2.23143551e+01,6.00000000e+00,8.29904272e+02,1.77055706e+02,5.20119143e+02,5.20816567e+02,-1.16060939e+01,1.06005327e+01,-1.30477237e+01,-2.44719102e+00,2.89318399e+00,1.03509130e+01,5.86398736e+00,1.63984109e+00,NaN,2.61181513e+01,0.00000000e+00,1.52828922e+01,3.83169464e+00,8.91563451e+00,1.52828922e+01,0.00000000e+00,-3.61657011e+00,2.59957136e+01,1.84534041e+00,3.59461065e+00,1.23120889e+01,1.00667940e+01,-9.17787529e-01,9.14900649e+00,3.72920743e+00,3.68330272e+00,5.40815602e+00,2.33143191e+00,NaN,1.04780924e+01,0.00000000e+00,-5.59559903e+00,6.85227763e-01,5.34404774e+01,-5.59559903e+00,0.00000000e+00,5.73098607e+01,1.51826233e+01,2.69597776e+00,2.68828007e+00,-7.27454763e+00,5.33815232e+00,2.61156185e+01,9.22406309e+01
"2010Q2",2.48205000e+03,7.81684011e+02,1.98006728e+02,5.28830101e+02,4.91462599e+05,1.31051411e+03,5.25047014e+02,5.25723492e+02,5.38298431e+02,5.38118976e+02,NaN,NaN,5.47074000e+00,1.69941389e+02,2.00000000e+00,2.00000000e-01,8.00000000e-01,1.25000000e+00,1.09270000e+00,9.15164272e-01,2.23143551e+01,8.86516976e+00,-2.04368030e+00,7.86700000e+01,4.36526189e+02,-1.34491854e+01,8.74160000e-01,1.14395534e+00,2.23143551e+01,6.00000000e+00,8.36435283e+02,1.82629346e+02,5.21136822e+02,5.20716316e+02,-4.38624725e+00,7.11022162e+00,1.41775656e+01,2.12877872e+01,6.31655024e+00,3.55836988e+00,4.31068004e+00,-7.62618452e-01,NaN,-2.85666323e+00,0.00000000e+00,2.68735164e+01,4.20920978e+00,1.03005563e+01,2.68735164e+01,0.00000000e+00,2.61240441e+01,2.22945608e+01,4.07071308e+00,-4.01000875e-01,2.88793866e+01,9.04730830e+00,3.96360684e+00,1.30109151e+01,5.89873161e+00,5.85721581e+00,5.02557246e+00,1.75176544e+00,NaN,7.46638101e+00,0.00000000e+00,8.18747133e+00,3.35115810e+00,2.84678241e+01,8.18747133e+00,0.00000000e+00,1.95385576e+01,1.43299661e+01,3.48124801e+00,3.49028798e+00,9.06063049e+00,1.15568369e+01,1.27969016e+01,9.51298401e+01
"2010Q3",2.53532000e+03,7.83807514e+02,2.03785409e+02,5.31706752e+02,5.16661222e+05,1.31551427e+03,5.27348104e+02,5.25822427e+02,5.40270965e+02,5.38309064e+02,NaN,NaN,6.05763000e+00,1.80131863e+02,2.00000000e+00,2.00000000e-01,8.00000000e-01,1.25000000e+00,1.04670000e+00,9.55383587e-01,2.23143551e+01,4.56423579e+00,-8.93422520e-01,7.64100000e+01,4.33611358e+02,-1.77501193e+01,8.37360000e-01,1.19422948e+00,2.23143551e+01,6.00000000e+00,8.31219363e+02,1.78113268e+02,5.23329220e+02,5.22806928e+02,-8.35862519e+00,8.49401208e+00,1.15066049e+01,2.00006169e+01,9.20435722e+00,3.95740614e-01,7.89013310e+00,7.60352893e-01,NaN,4.07618975e+01,0.00000000e+00,-1.72037359e+01,4.60103114e+00,-1.16593243e+01,-1.72037359e+01,0.00000000e+00,-2.08636815e+01,-1.80643116e+01,8.76959121e+00,8.36244506e+00,-1.58895118e+01,8.44215518e+00,4.63223227e+00,1.30743874e+01,5.32631496e+00,5.40527643e+00,5.97759242e+00,1.16990413e+00,NaN,1.71362664e+01,0.00000000e+00,5.61978718e+00,3.36176764e+00,1.11179446e+01,5.61978718e+00,0.00000000e+00,5.79162962e+00,8.36746647e+00,4.36749279e+00,4.38488013e+00,4.96850972e+00,1.02188113e+01,-1.81932364e+01,9.76845429e+01
"2010Q4",2.61061000e+03,7.86733919e+02,2.08491929e+02,5.33990033e+02,5.44291116e+05,1.32072395e+03,5.29675774e+02,5.29209807e+02,5.41934666e+02,5.39163151e+02,NaN,NaN,6.40760000e+00,1.85748479e+02,3.00000000e+00,2.00000000e-01,8.00000000e-01,1.25000000e+00,1.04240000e+00,9.59324635e-01,2.23143551e+01,4.15257468e+00,-6.34333064e-01,8.68000000e+01,4.46360662e+02,-1.81617804e+01,8.33920000e-01,1.19915579e+00,2.23143551e+01,6.00000000e+00,8.37718925e+02,1.73837000e+02,5.25457933e+02,5.25691596e+02,-8.10631703e+00,1.17056195e+01,9.13312441e+00,2.08387439e+01,9.31068320e+00,1.35495175e+01,6.65480616e+00,3.41634810e+00,NaN,2.24664605e+01,0.00000000e+00,-1.64664442e+00,1.03635782e+00,5.09972176e+01,-1.64664442e+00,0.00000000e+00,2.59982491e+01,-1.71050737e+01,8.51485273e+00,1.15386752e+01,1.00923261e+00,9.47759647e+00,5.44239279e+00,1.49199893e+01,6.93119366e+00,6.96363525e+00,6.17990167e+00,1.26348091e+00,NaN,2.16224615e+01,0.00000000e+00,5.82650708e+00,3.41957334e+00,1.46385210e+01,5.82650708e+00,0.00000000e+00,6.91051041e+00,3.28022225e+00,5.80012436e+00,5.77368252e+00,6.57779908e+00,1.11676210e+01,1.82414828e+01,1.00476448e+02
"2011Q1",2.64979000e+03,7.88223567e+02,2.19170919e+02,5.38985188e+02,5.80756909e+05,1.32720875e+03,5.32538480e+02,5.33792262e+02,5.43915380e+02,5.40427199e+02,NaN,NaN,6.71840000e+00,1.90485003e+02,4.33333333e+00,1.66666667e-01,8.00000000e-01,1.25000000e+00,1.01320000e+00,9.86971970e-01,2.23143551e+01,1.31136391e+00,-4.24061527e-01,1.04900000e+02,4.65300752e+02,-2.10029912e+01,8.10560000e-01,1.23371496e+00,2.23143551e+01,6.00000000e+00,8.49714109e+02,1.70746009e+02,5.26092703e+02,5.26788956e+02,-1.00655364e+01,5.95859243e+00,1.99806176e+01,2.59392100e+01,1.14508230e+01,1.83298218e+01,7.92285732e+00,5.05619175e+00,NaN,1.89460980e+01,0.00000000e+00,-1.13648431e+01,8.41086148e-01,7.57603575e+01,-1.13648431e+01,0.00000000e+00,4.79807367e+01,-1.23639648e+01,2.53908293e+00,4.38943737e+00,-7.83687743e+00,8.31711140e+00,1.36994781e+01,2.20165895e+01,9.07060341e+00,8.95836244e+00,6.69461916e+00,2.11756857e+00,NaN,1.98294482e+01,0.00000000e+00,-8.35426747e-01,2.67192122e+00,3.13497018e+01,-8.35426747e-01,0.00000000e+00,1.98098371e+01,-6.30969733e+00,5.97355999e+00,5.97238920e+00,1.54055750e+00,3.22448831e+01,5.08573853e+01,1.08537669e+02
"2011Q2",2.74820000e+03,7.91870143e+02,2.14154916e+02,5.36669966e+02,5.88540540e+05,1.32854011e+03,5.33727101e+02,5.34348192e+02,5.45829707e+02,5.41491015e+02,NaN,NaN,6.94750000e+00,1.93838188e+02,5.16666667e+00,1.00000000e-01,7.90000000e-01,1.26582278e+00,1.00220000e+00,9.97804829e-01,2.35722334e+01,2.19758354e-01,5.55621517e-01,1.17120000e+02,4.76319905e+02,-2.33524750e+01,7.91738000e-01,1.26304409e+00,2.35722334e+01,6.00000000e+00,8.56606052e+02,1.77269832e+02,5.26688798e+02,5.26288104e+02,-1.18828478e+01,1.45863041e+01,-9.26088694e+00,5.32541719e+00,4.75448263e+00,2.22371894e+00,7.65730586e+00,4.25526299e+00,NaN,1.34127407e+01,5.03151288e+00,-4.36642224e+00,3.91873218e+00,4.40766139e+01,-9.39793512e+00,5.03151288e+00,2.75677711e+01,2.60952928e+01,2.38438002e+00,-2.00340862e+00,-7.26924547e+00,1.01861320e+01,7.83986498e+00,1.80259970e+01,8.68008650e+00,8.62469971e+00,7.53127561e+00,3.37203893e+00,NaN,2.38967992e+01,1.25787822e+00,-8.64541141e+00,2.59930182e+00,3.97937162e+01,-9.90328963e+00,1.25787822e+00,2.01707689e+01,-5.35951434e+00,5.55197672e+00,5.57178726e+00,-7.49660051e+00,1.02847221e+01,1.20870166e+01,1.11108849e+02
"2011Q3",2.80415000e+03,7.93885574e+02,2.18982918e+02,5.38899373e+02,6.14060951e+05,1.33278495e+03,5.35025820e+02,5.33609473e+02,5.47113460e+02,5.41996632e+02,NaN,NaN,6.94330000e+00,1.93777717e+02,5.25000000e+00,1.00000000e-01,7.90000000e-01,1.26582278e+00,1.04460000e+00,9.57304231e-01,2.35722334e+01,4.36340370e+00,6.45890530e-01,1.13000000e+02,4.72738782e+02,-1.92088297e+01,8.25234000e-01,1.21177751e+00,2.35722334e+01,6.00000000e+00,8.50875140e+02,1.82301023e+02,5.28391291e+02,5.27883027e+02,-7.72423648e+00,8.06172433e+00,8.91762776e+00,1.69793521e+01,5.19487709e+00,-2.95487505e+00,5.13501336e+00,2.02246774e+00,NaN,-2.41886724e-01,0.00000000e+00,1.65745814e+01,3.61076052e-01,-1.43244926e+01,1.65745814e+01,0.00000000e+00,-2.29236456e+01,2.01247623e+01,6.80997070e+00,6.37969196e+00,1.66344451e+01,1.00780601e+01,7.19262070e+00,1.72706808e+01,7.67771647e+00,7.78704579e+00,6.84249567e+00,3.68756764e+00,NaN,1.36458531e+01,1.25787822e+00,-2.00832086e-01,1.53931305e+00,3.91274241e+01,-1.45871031e+00,1.25787822e+00,1.96557778e+01,4.18775413e+00,5.06207159e+00,5.07609899e+00,6.34388711e-01,1.42632533e+00,-2.47355314e+01,1.11465431e+02
"2011Q4",2.86799000e+03,7.96136671e+02,2.22360731e+02,5.40430098e+02,6.37728353e+05,1.33656677e+03,5.36030856e+02,5.35592568e+02,5.48793986e+02,5.42404516e+02,NaN,NaN,1.04815000e+01,2.34961180e+02,5.25000000e+00,1.00000000e-01,7.90000000e-01,1.26582278e+00,1.08100000e+00,9.25069380e-01,2.35722334e+01,7.78865387e+00,1.37586447e+00,1.09310000e+02,4.69418788e+02,-1.57835795e+01,8.53990000e-01,1.17097390e+00,2.35722334e+01,6.00000000e+00,8.31844769e+02,1.95579434e+02,5.28684640e+02,5.28881132e+02,-4.97447666e+00,9.00438929e+00,6.12289994e+00,1.51272892e+01,4.02014336e+00,7.93237931e+00,6.72210475e+00,1.63153559e+00,NaN,1.64733853e+02,0.00000000e+00,1.37010007e+01,2.91989578e+00,-1.32799746e+01,1.37010007e+01,0.00000000e+00,-7.61214851e+01,5.31136441e+01,1.17339626e+00,3.99242141e+00,1.09990393e+01,9.40275255e+00,6.44006459e+00,1.58428171e+01,6.35508151e+00,6.38276124e+00,6.85932032e+00,3.24136452e+00,NaN,4.92127013e+01,1.25787822e+00,3.63607918e+00,2.01019754e+00,2.30581261e+01,2.37820096e+00,1.25787822e+00,-5.87415572e+00,2.17424336e+01,3.22670748e+00,3.18953553e+00,3.13184037e+00,1.06625533e+01,1.71256144e+01,1.14131069e+02
"2012Q1",2.96775000e+03,7.99555937e+02,2.15891664e+02,5.37477673e+02,6.40712487e+05,1.33703361e+03,5.35615072e+02,5.36835636e+02,5.49910194e+02,5.43203082e+02,NaN,NaN,1.08226000e+01,2.38163654e+02,5.25000000e+00,1.00000000e-01,7.90000000e-01,1.26582278e+00,1.07270000e+00,9.32227091e-01,2.35722334e+01,7.01788346e+00,1.57348503e+00,1.18540000e+02,4.77525046e+02,-1.65543499e+01,8.47433000e-01,1.18003429e+00,2.35722334e+01,6.00000000e+00,8.51593541e+02,1.91646987e+02,5.28283711e+02,5.28981082e+02,-7.27723905e+00,1.36770616e+01,-1.18097001e+01,1.86736148e+00,-1.66313606e+00,4.97227126e+00,4.46483192e+00,3.19426400e+00,NaN,1.28098968e+01,0.00000000e+00,-3.08308161e+00,7.90482220e-01,3.24250296e+01,-3.08308161e+00,0.00000000e+00,7.89950864e+01,-1.57297860e+01,-1.60371542e+00,3.99800136e-01,-9.21104959e+00,1.13323698e+01,-1.50751484e+00,9.82485500e+00,3.07659176e+00,3.04337362e+00,5.99481397e+00,2.77588258e+00,NaN,4.76786509e+01,1.25787822e+00,5.70651955e+00,1.99754656e+00,1.22242941e+01,4.44864133e+00,1.25787822e+00,1.87943171e+00,2.09009783e+01,2.19100789e+00,2.19212622e+00,2.78829733e+00,-1.80178420e+00,1.56413706e+01,1.13680623e+02
"2012Q2",2.98064000e+03,7.99989332e+02,2.32829889e+02,5.45030810e+02,6.93982081e+05,1.34502014e+03,5.35002086e+02,5.35616166e+02,5.51075666e+02,5.43362903e+02,NaN,NaN,1.10463000e+01,2.40209553e+02,5.25000000e+00,1.66666667e-01,7.90000000e-01,1.26582278e+00,1.11960000e+00,8.93176134e-01,2.35722334e+01,1.12971479e+01,9.02314260e-01,1.08900000e+02,4.69043003e+02,-1.22750855e+01,8.84484000e-01,1.13060270e+00,2.35722334e+01,6.00000000e+00,8.40120491e+02,1.89994019e+02,5.28753910e+02,5.28380381e+02,-4.77643255e+00,1.73358104e+00,3.02125476e+01,3.19461287e+01,-2.45194416e+00,-4.87788044e+00,4.66188743e+00,6.39284906e-01,NaN,8.18359598e+00,0.00000000e+00,1.71170576e+01,-2.68468308e+00,-3.39281706e+01,1.71170576e+01,0.00000000e+00,-4.58922010e+01,-6.61187290e+00,1.88079494e+00,-2.40280488e+00,1.00032260e+01,8.11918906e+00,8.36084380e+00,1.64800329e+01,1.27498506e+00,1.26797377e+00,5.24595936e+00,1.87188806e+00,NaN,4.63713648e+01,0.00000000e+00,1.10773895e+01,3.46692743e-01,-7.27690203e+00,1.10773895e+01,0.00000000e+00,-1.64855613e+01,1.27241869e+01,2.06511162e+00,2.09227715e+00,7.10641521e+00,-1.25616687e+01,-1.06530567e+01,1.10540206e+02
"2012Q3",3.07677000e+03,8.03163562e+02,2.29042526e+02,5.43390769e+02,7.04711174e+05,1.34655433e+03,5.35030050e+02,5.33609473e+02,5.52553799e+02,5.43680360e+02,NaN,NaN,1.15065000e+01,2.44291209e+02,5.25000000e+00,1.33333333e-01,7.90000000e-01,1.26582278e+00,1.10080000e+00,9.08430233e-01,2.35722334e+01,9.60371882e+00,5.94268335e-01,1.09950000e+02,4.70002572e+02,-1.39685145e+01,8.69632000e-01,1.14991169e+00,2.35722334e+01,6.00000000e+00,8.38261216e+02,1.90885081e+02,5.29079686e+02,5.28579882e+02,-7.92003015e+00,1.26969211e+01,-6.56016244e+00,6.13675870e+00,1.11857959e-01,-8.02677014e+00,5.91253219e+00,1.26982856e+00,NaN,1.63266251e+01,0.00000000e+00,-6.77371618e+00,-1.23218370e+00,3.83827482e+00,-6.77371618e+00,0.00000000e+00,-7.43709838e+00,3.56424865e+00,1.30310204e+00,7.98003362e-01,-1.25743904e+01,9.27798827e+00,4.49139625e+00,1.37693845e+01,4.23027530e-03,0.00000000e+00,5.44033907e+00,1.68372827e+00,NaN,5.05134927e+01,0.00000000e+00,5.24031512e+00,-5.16221950e-02,-2.73621017e+00,5.24031512e+00,0.00000000e+00,-1.26139245e+01,8.58405846e+00,6.88394455e-01,6.96855006e-01,-1.95793679e-01,-2.66771156e+00,-2.86179083e+01,1.09873278e+02
"2012Q4",3.15432000e+03,8.05652822e+02,2.35357676e+02,5.46110638e+02,7.42393425e+05,1.35176346e+03,5.35953074e+02,5.35512294e+02,5.53746165e+02,5.44276590e+02,NaN,NaN,1.16948000e+01,2.45914430e+02,5.16666667e+00,2.00000000e-01,7.80000000e-01,1.28205128e+00,1.08340000e+00,9.23020122e-01,2.48461359e+01,8.01042442e+00,2.99970348e-01,1.10440000e+02,4.70447239e+02,-1.68357115e+01,8.45052000e-01,1.18335913e+00,2.48461359e+01,6.00000000e+00,8.36508957e+02,1.95296272e+02,5.29025759e+02,5.29179183e+02,-9.78266614e+00,9.95703858e+00,1.08794766e+01,2.08365152e+01,3.69209469e+00,7.61128379e+00,4.76946105e+00,2.38492182e+00,NaN,6.49288219e+00,5.09561031e+00,-6.37317758e+00,-1.17719195e+00,1.77866802e+00,-1.14687879e+01,5.09561031e+00,-7.00903698e+00,1.76447622e+01,-2.15704639e-01,2.39720480e+00,-7.45054394e+00,9.51615059e+00,5.68054041e+00,1.51966910e+01,-7.77818929e-02,-8.02738799e-02,4.95217815e+00,1.87207482e+00,NaN,1.09532500e+01,1.27390258e+00,2.21770558e-01,-1.07589413e+00,1.02845048e+00,-1.05213202e+00,1.27390258e+00,4.66418752e+00,-2.83162013e-01,3.41119229e-01,2.98050855e-01,-4.80818948e+00,1.28102931e+01,1.97774681e+01,1.13075851e+02
"2013Q1",3.21883000e+03,8.07677322e+02,2.36455848e+02,5.46576150e+02,7.61111178e+05,1.35425347e+03,5.36807171e+02,5.38017381e+02,5.55051576e+02,5.44870908e+02,NaN,NaN,1.23326000e+01,2.51224616e+02,4.83333333e+00,1.33333333e-01,7.80000000e-01,1.28205128e+00,1.09180000e+00,9.15918666e-01,2.48461359e+01,8.78277104e+00,9.42416325e-01,1.12880000e+02,4.72632531e+02,-1.60633649e+01,8.51604000e-01,1.17425470e+00,2.48461359e+01,6.00000000e+00,8.39709365e+02,1.97868016e+02,5.28674082e+02,5.29379083e+02,-9.46163386e+00,8.09799905e+00,1.86204799e+00,9.96004705e+00,3.41638962e+00,1.00203491e+01,5.22164693e+00,2.37727144e+00,NaN,2.12407457e+01,0.00000000e+00,3.08938645e+00,2.56978391e+00,8.74116819e+00,3.08938645e+00,0.00000000e+00,1.28016318e+01,1.02869760e+01,-1.40670778e+00,7.99600303e-01,1.28412914e+00,8.12138495e+00,9.09847744e+00,1.72198624e+01,1.19209953e+00,1.18174557e+00,5.14138190e+00,1.66782668e+00,NaN,1.30609622e+01,1.27390258e+00,1.76488757e+00,-6.31068704e-01,-4.89251488e+00,4.90984997e-01,1.27390258e+00,-1.18841761e+01,6.22102849e+00,3.90371140e-01,3.98000896e-01,-2.18439480e+00,1.46702835e+01,3.15354295e+01,1.16743422e+02
"2013Q2",3.34009000e+03,8.11375303e+02,2.30230857e+02,5.43908253e+02,7.68991783e+05,1.35528356e+03,5.37744677e+02,5.38343946e+02,5.56180716e+02,5.44745725e+02,NaN,NaN,1.27204000e+01,2.54320700e+02,4.75000000e+00,1.33333333e-01,7.80000000e-01,1.28205128e+00,1.08920000e+00,9.18105031e-01,2.48461359e+01,8.54434818e+00,1.05797167e+00,1.03010000e+02,4.63482607e+02,-1.63017877e+01,8.49576000e-01,1.17705773e+00,2.48461359e+01,6.00000000e+00,8.31456850e+02,1.88307583e+02,5.29422973e+02,5.29078833e+02,-9.89169079e+00,1.47919253e+01,-1.06715884e+01,4.12033692e+00,3.75002042e+00,1.30625878e+00,4.51655673e+00,-5.00734249e-01,NaN,1.23843365e+01,0.00000000e+00,-9.53691419e-01,4.62221388e-01,-3.65996947e+01,-9.53691419e-01,0.00000000e+00,-3.30100596e+01,-3.82417293e+01,2.99556373e+00,-1.20100116e+00,-1.72022773e+00,1.13859710e+01,-1.12255656e+00,1.02634145e+01,2.74259067e+00,2.72778037e+00,5.10504923e+00,1.38282189e+00,NaN,1.41111474e+01,1.27390258e+00,-2.75279968e+00,1.55657412e-01,-5.56039590e+00,-4.02670226e+00,1.27390258e+00,-8.66364080e+00,-1.68643561e+00,6.69063338e-01,6.98451828e-01,-5.11525824e+00,5.51041934e+00,7.15653196e+00,1.18121027e+02
"2013Q3",3.41315000e+03,8.13539090e+02,2.35913656e+02,5.46346587e+02,8.05208693e+05,1.35988568e+03,5.37984225e+02,5.36602274e+02,5.57319785e+02,5.45221636e+02,NaN,NaN,1.32627000e+01,2.58495558e+02,4.75000000e+00,1.00000000e-01,7.80000000e-01,1.28205128e+00,1.09350000e+00,9.14494742e-01,2.48461359e+01,8.93835611e+00,7.55442167e-01,1.10100000e+02,4.70138904e+02,-1.59077798e+01,8.52930000e-01,1.17242916e+00,2.48461359e+01,6.00000000e+00,8.35108445e+02,1.96165456e+02,5.30074803e+02,5.29578284e+02,-1.03972042e+01,8.65514633e+00,9.75333598e+00,1.84084823e+01,9.58193958e-01,-6.96668683e+00,4.55627917e+00,1.90364606e+00,NaN,1.66994320e+01,0.00000000e+00,1.57603173e+00,-1.21011802e+00,2.66251891e+01,1.57603173e+00,0.00000000e+00,1.46063826e+01,3.14314924e+01,2.60731862e+00,1.99780381e+00,-2.02205348e+00,1.03755273e+01,2.95581804e+00,1.33313454e+01,2.95417467e+00,2.99280120e+00,4.76598597e+00,1.54127627e+00,NaN,1.42043491e+01,1.27390258e+00,-6.65362706e-01,1.61173832e-01,1.36332673e-01,-1.93926528e+00,1.27390258e+00,-3.15277054e+00,5.28037534e+00,9.95117482e-01,9.98401939e-01,-2.47717400e+00,-2.88976358e+00,-2.78838316e+01,1.17398586e+02
"2013Q4",3.48188000e+03,8.15532766e+02,2.39624242e+02,5.47907204e+02,8.34342856e+05,1.36343997e+03,5.38797458e+02,5.38366903e+02,5.58455061e+02,5.45502878e+02,NaN,NaN,1.41520000e+01,2.64985596e+02,4.75000000e+00,1.00000000e-01,7.80000000e-01,1.28205128e+00,1.08060000e+00,9.25411808e-01,2.48461359e+01,7.75164424e+00,7.53637701e-01,1.09400000e+02,4.69501089e+02,-1.70944917e+01,8.42868000e-01,1.18642540e+00,2.48461359e+01,6.00000000e+00,8.32718423e+02,1.92329056e+02,5.30667616e+02,5.30775791e+02,-1.19059584e+01,7.97470369e+00,6.24246695e+00,1.42171706e+01,3.25293220e+00,7.05851630e+00,4.54110158e+00,1.12496659e+00,NaN,2.59601492e+01,0.00000000e+00,-4.74684748e+00,-7.21786400e-03,-2.55126150e+00,-4.74684748e+00,0.00000000e+00,-9.56008984e+00,-1.53456004e+01,2.37125228e+00,4.79002870e+00,-6.03501687e+00,9.87994359e+00,1.79656564e+00,1.16765092e+01,2.84438405e+00,2.85460933e+00,4.70889610e+00,1.22628746e+00,NaN,1.90711658e+01,0.00000000e+00,-2.58780181e-01,4.53667353e-01,-9.46149707e-01,-2.58780181e-01,0.00000000e+00,-3.79053375e+00,-2.96721532e+00,1.64185671e+00,1.59660791e+00,-2.12329224e+00,5.31018535e+00,1.23516540e+01,1.18726132e+02
"2014Q1",3.55906000e+03,8.17725174e+02,2.35954092e+02,5.46363726e+02,8.39774770e+05,1.36408890e+03,5.38825434e+02,5.40015167e+02,5.59927031e+02,5.46267202e+02,NaN,NaN,1.47157000e+01,2.68891495e+02,4.75000000e+00,1.00000000e-01,7.80000000e-01,1.28205128e+00,1.09800000e+00,9.10746812e-01,2.48461359e+01,9.34903431e+00,9.59962727e-01,1.07930000e+02,4.68148287e+02,-1.54971016e+01,8.56440000e-01,1.16762412e+00,2.48461359e+01,6.00000000e+00,8.30389771e+02,1.98909199e+02,5.30454706e+02,5.31175391e+02,-1.17525636e+01,8.76963490e+00,-6.17391164e+00,2.59572327e+00,1.11901772e-01,6.59305551e+00,5.88788276e+00,3.05729826e+00,NaN,1.56235977e+01,0.00000000e+00,6.38956026e+00,8.25300104e-01,-5.41120846e+00,6.38956026e+00,0.00000000e+00,-9.31460781e+00,2.63205701e+01,-8.51638664e-01,1.59840216e+00,6.13579274e-01,1.00478526e+01,-2.12424272e-01,9.83542828e+00,2.01826209e+00,1.99778594e+00,4.87545506e+00,1.39629417e+00,NaN,1.76668788e+01,0.00000000e+00,5.66263272e-01,1.75464020e-02,-4.48424387e+00,5.66263272e-01,0.00000000e+00,-9.31959365e+00,1.04118320e+00,1.78062399e+00,1.79630838e+00,-2.29092970e+00,2.36016279e+00,1.82472467e+01,1.19316173e+02
"2014Q2",3.60576000e+03,8.19028785e+02,2.34752544e+02,5.45853195e+02,8.46461332e+05,1.36488198e+03,5.39019322e+02,5.39612443e+02,5.61457116e+02,5.46775220e+02,NaN,NaN,1.51632000e+01,2.71887144e+02,4.41666667e+00,1.00000000e-01,7.80000000e-01,1.28205128e+00,1.10260000e+00,9.06947216e-01,2.48461359e+01,9.76710272e+00,8.43446767e-01,1.09810000e+02,4.69875160e+02,-1.50790332e+01,8.60028000e-01,1.16275284e+00,2.48461359e+01,6.00000000e+00,8.34739843e+02,2.04072723e+02,5.31589050e+02,5.31275341e+02,-1.26706914e+01,5.21444071e+00,-2.04212224e+00,3.17231847e+00,7.75555189e-01,-1.61089835e+00,6.12034018e+00,2.03206896e+00,NaN,1.19825955e+01,0.00000000e+00,1.67227363e+00,-4.66063840e-01,6.90749231e+00,1.67227363e+00,0.00000000e+00,1.74002879e+01,2.06540981e+01,4.53737300e+00,3.99800243e-01,-3.67251136e+00,7.65348141e+00,1.94494226e+00,9.59842367e+00,1.27464578e+00,1.26849666e+00,5.27640092e+00,2.02949497e+00,NaN,1.75664436e+01,0.00000000e+00,1.22275454e+00,-2.14524905e-01,6.39255287e+00,1.22275454e+00,0.00000000e+00,3.28299323e+00,1.57651400e+01,2.16607631e+00,2.19650873e+00,-2.77900061e+00,-8.00201971e+00,-6.30252840e+00,1.17315668e+02
"2014Q3",3.65161000e+03,8.20292345e+02,2.42395941e+02,5.49057251e+02,8.85135441e+05,1.36934960e+03,5.39460111e+02,5.38095670e+02,5.62860590e+02,5.46988614e+02,NaN,NaN,1.50424000e+01,2.71087288e+02,3.50000000e+00,1.00000000e-01,7.80000000e-01,1.28205128e+00,1.15300000e+00,8.67302689e-01,2.48461359e+01,1.42367241e+01,6.76421774e-01,1.02080000e+02,4.62575682e+02,-1.06094118e+01,8.99340000e-01,1.11192652e+00,2.48461359e+01,6.00000000e+00,8.26999576e+02,1.98661432e+02,5.31773786e+02,5.31275241e+02,-9.16375505e+00,5.05423976e+00,1.28162216e+01,1.78704613e+01,1.76315423e+00,-6.06709059e+00,5.61389450e+00,8.53577020e-01,NaN,-3.19942379e+00,0.00000000e+00,1.78784856e+01,-6.68099972e-01,-2.91979120e+01,1.78784856e+01,0.00000000e+00,-3.09610662e+01,-2.16451657e+01,7.38946741e-01,-4.00181267e-04,1.40277454e+01,6.75325477e+00,2.71066366e+00,9.46391843e+00,1.47588585e+00,1.49339572e+00,5.54080476e+00,1.76697771e+00,NaN,1.25917296e+01,0.00000000e+00,5.29836802e+00,-7.90203930e-02,-7.56322241e+00,5.29836802e+00,0.00000000e+00,-8.10886899e+00,2.49597551e+00,1.69898334e+00,1.69695773e+00,1.23344911e+00,4.15297169e+00,-2.02227016e+01,1.18353911e+02
"2014Q4",3.68460000e+03,8.21191725e+02,2.43847693e+02,5.49654382e+02,8.98481209e+05,1.37084611e+03,5.39786930e+02,5.39358209e+02,5.64407798e+02,5.46743143e+02,NaN,NaN,1.37582700e+01,2.62164010e+02,3.50000000e+00,1.00000000e-01,7.80000000e-01,1.28205128e+00,1.24450000e+00,8.03535556e-01,2.48461359e+01,2.18733843e+01,3.47013090e-01,7.59600000e+01,4.33020689e+02,-2.97275165e+00,9.70710000e-01,1.03017379e+00,2.48461359e+01,6.00000000e+00,7.88416627e+02,1.95302574e+02,5.31311374e+02,5.31375191e+02,-2.74748437e+00,3.59752214e+00,2.38852511e+00,5.98604725e+00,1.30727495e+00,5.05015628e+00,6.18883283e+00,-9.81882326e-01,NaN,-3.56931130e+01,0.00000000e+00,3.05466406e+01,-1.31763474e+00,-1.18219973e+02,3.05466406e+01,0.00000000e+00,-1.54331799e+02,-1.34354324e+01,-1.84965026e+00,3.99800238e-01,2.56650827e+01,5.65895938e+00,1.74717820e+00,7.40613758e+00,9.89471535e-01,9.91305713e-01,5.95273757e+00,1.24026548e+00,NaN,-2.82158590e+00,0.00000000e+00,1.41217400e+01,-4.06624611e-01,-3.64804004e+01,1.41217400e+01,0.00000000e+00,-4.43017963e+01,2.97351750e+00,6.43757705e-01,5.99400616e-01,9.15847401e+00,8.67343378e+00,1.59009871e+01,1.20522270e+02
"2015Q1",3.65999000e+03,8.20521569e+02,2.39342091e+02,5.47789387e+02,8.75989659e+05,1.36831096e+03,5.41700518e+02,5.42859974e+02,5.67591498e+02,5.46205130e+02,NaN,NaN,9.47213000e+00,2.24835380e+02,3.50000000e+00,1.00000000e-01,9.00000000e-01,1.11111111e+00,1.01900000e+00,9.81354269e-01,1.05360516e+01,1.88217542e+00,-5.19794331e-01,5.40500000e+01,3.98990954e+02,-8.65387614e+00,9.17100000e-01,1.09039363e+00,1.05360516e+01,6.00000000e+00,7.74554287e+02,1.97033270e+02,5.34964183e+02,5.35699817e+02,-2.40088046e+01,-2.68062256e+00,-7.45998007e+00,-1.01406026e+01,7.65435389e+00,1.40070584e+01,1.27347995e+01,-2.15205281e+00,NaN,-1.49314518e+02,-5.72403375e+01,-7.99648354e+01,-3.46722968e+00,-1.36118937e+02,-2.27244980e+01,-5.72403375e+01,-5.54493594e+01,6.92278575e+00,1.46112361e+01,1.72985014e+01,-8.50452810e+01,2.79639501e+00,1.42566110e+00,4.22205611e+00,2.87508456e+00,2.84480644e+00,7.66446675e+00,-6.20722887e-02,NaN,-4.40561148e+01,-1.43100844e+01,-7.46685888e+00,-1.47975706e+00,-6.91573325e+01,6.84322548e+00,-1.43100844e+01,-5.58354842e+01,-1.87592858e+00,4.50947640e+00,4.52442542e+00,-1.22562411e+01,-8.57837126e+00,6.32702482e+00,1.18377677e+02
"2015Q2",3.67707000e+03,8.20987152e+02,2.46558848e+02,5.50760070e+02,9.06614143e+05,1.37174722e+03,5.43203124e+02,5.43773142e+02,5.69158787e+02,5.46736808e+02,NaN,NaN,8.52015000e+00,2.14243395e+02,3.50000000e+00,1.00000000e-01,1.05000000e+00,9.52380952e-01,9.96000000e-01,1.00401606e+00,-4.87901642e+00,-4.00802140e-01,-7.35601483e-01,6.21000000e+01,4.12874599e+02,4.47821428e+00,1.04580000e+00,9.56205775e-01,-4.87901642e+00,6.00000000e+00,7.98540409e+02,1.95881663e+02,5.35688053e+02,5.35398965e+02,-2.63564656e+01,1.86232969e+00,1.18827314e+01,1.37450611e+01,6.01042285e+00,3.65267421e+00,6.26915630e+00,2.12671203e+00,NaN,-4.23679426e+01,-6.16602719e+01,-9.13191026e+00,-8.63228608e-01,5.55345779e+01,5.25283617e+01,-6.16602719e+01,9.59444885e+01,-4.60642694e+00,2.89548150e+00,-1.20340830e+00,-9.39064371e+00,1.95836726e+00,4.90687450e+00,6.86524176e+00,4.18380148e+00,4.16069958e+00,7.70167078e+00,-3.84115215e-02,NaN,-5.76437493e+01,-2.97251523e+01,-1.01679049e+01,-1.57904825e+00,-5.70005611e+01,1.95572475e+01,-2.97251523e+01,-3.61994341e+01,-8.19105984e+00,4.09900352e+00,4.12362328e+00,-1.36857742e+01,1.32786193e+01,1.49835334e+01,1.21697332e+02
"2015Q3",3.68439000e+03,8.21186025e+02,2.45057318e+02,5.50149214e+02,9.02886733e+05,1.37133524e+03,5.43476467e+02,5.42164058e+02,5.70469359e+02,5.47098319e+02,NaN,NaN,7.01474000e+00,1.94801365e+02,3.00000000e+00,1.00000000e-01,1.05000000e+00,9.52380952e-01,1.03330000e+00,9.67773154e-01,-4.87901642e+00,3.27575642e+00,-7.74238546e-01,5.00300000e+01,3.91262283e+02,8.15477284e+00,1.08496500e+00,9.21688718e-01,-4.87901642e+00,6.00000000e+00,7.77620941e+02,2.03240638e+02,5.36494948e+02,5.35997967e+02,-2.37171354e+01,7.95494634e-01,-2.44342554e+00,-1.64793090e+00,1.09337242e+00,-6.43633590e+00,5.24228626e+00,1.44604180e+00,NaN,-7.77681188e+01,0.00000000e+00,1.47062343e+01,-1.54548252e-01,-8.64492654e+01,1.47062343e+01,0.00000000e+00,-8.36778734e+01,2.94358972e+01,3.22757941e+00,2.39600943e+00,1.05573204e+01,8.93680975e-01,1.09196272e+00,1.98564370e+00,4.01635603e+00,4.06838825e+00,7.60876872e+00,1.09704674e-01,NaN,-7.62859231e+01,-2.97251523e+01,-1.09609677e+01,-1.45066032e+00,-7.13133994e+01,1.87641846e+01,-2.97251523e+01,-4.93786359e+01,4.57920590e+00,4.72116169e+00,4.72272569e+00,-1.45533804e+01,-3.88644387e+00,-2.70451417e+01,1.20725721e+02
"2015Q4",3.70345000e+03,8.21702010e+02,2.42706021e+02,5.49185092e+02,8.98849612e+05,1.37088710e+03,5.44565136e+02,5.44155153e+02,5.71920636e+02,5.47208136e+02,NaN,NaN,5.01669000e+00,1.61277035e+02,3.00000000e+00,1.33333333e-01,1.11000000e+00,9.00900901e-01,8.97500000e-01,1.11420613e+00,-1.04360015e+01,-1.08142159e+01,-7.17342079e-01,4.34200000e+01,3.77092016e+02,-3.78214330e-01,9.96225000e-01,1.00378930e+00,-1.04360015e+01,6.00000000e+00,7.66952799e+02,2.01622464e+02,5.39700776e+02,5.39734581e+02,-3.81697158e+01,2.06393666e+00,-3.85648633e+00,-1.79254967e+00,4.35467649e+00,7.96438082e+00,5.80510860e+00,4.39267912e-01,NaN,-1.34097318e+02,-2.22279405e+01,-5.63598891e+01,2.27585868e-01,-5.66810644e+01,-3.41319487e+01,-2.22279405e+01,-4.26725648e+01,-6.47269660e+00,1.28233121e+01,1.49464578e+01,-5.78103213e+01,5.10284606e-01,-4.69290137e-01,4.09944683e-02,4.77820641e+00,4.79694439e+00,7.51283766e+00,4.64992234e-01,NaN,-1.00886974e+02,-3.52821375e+01,-3.26876001e+01,-1.06435517e+00,-5.59286721e+01,2.59453732e+00,-3.52821375e+01,-2.14638273e+01,6.31988986e+00,8.38940227e+00,8.35939008e+00,-3.54222314e+01,-1.54054733e+01,-8.32713217e+00,1.16874352e+02
"2016Q1",3.40942000e+03,8.13429747e+02,2.68869076e+02,5.59422455e+02,9.16687604e+05,1.37285220e+03,5.52125026e+02,5.53172803e+02,5.73048451e+02,5.47279328e+02,NaN,NaN,4.06580000e+00,1.40261053e+02,5.00000000e+00,3.66666667e-01,1.58000000e+00,6.32911392e-01,6.82400000e-01,1.46541618e+00,-4.57424847e+01,-3.82139283e+01,-8.65776801e-01,3.43600000e+01,3.53689310e+02,7.52855642e+00,1.07819200e+00,9.27478594e-01,-4.57424847e+01,6.00000000e+00,7.73219822e+02,2.00988403e+02,5.45353125e+02,5.46086166e+02,-5.91373530e+01,-3.30890515e+01,4.09494536e+01,7.86040212e+00,3.02395598e+01,3.60705982e+01,4.51125895e+00,2.84770349e-01,NaN,-8.40639312e+01,-1.41225933e+02,-1.09598850e+02,-5.93738888e-01,-9.36108269e+01,3.16270830e+01,-1.41225933e+02,2.50680907e+01,-2.53624340e+00,2.26093957e+01,2.54063400e+01,-8.38705488e+01,-7.09182263e+00,1.16330683e+01,4.54124566e+00,1.04245079e+01,1.03128293e+01,5.45695253e+00,1.07419802e+00,NaN,-8.45743277e+01,-5.62785363e+01,-4.00961037e+01,-3.45982470e-01,-4.53016447e+01,1.61824326e+01,-5.62785363e+01,-1.33446474e+00,3.95513257e+00,1.03889422e+01,1.03863497e+01,-3.51285483e+01,4.80432759e+01,6.09538674e+01,1.28885171e+02
"2016Q2",3.43572000e+03,8.14198179e+02,2.68983482e+02,5.59464997e+02,9.24151927e+05,1.37366318e+03,5.53023485e+02,5.53540327e+02,5.74144074e+02,5.47778208e+02,NaN,NaN,4.28394000e+00,1.45487315e+02,7.00000000e+00,4.00000000e-01,1.51000000e+00,6.62251656e-01,7.12900000e-01,1.40272128e+00,-4.12109651e+01,-3.38414121e+01,-5.32571745e-01,4.59500000e+01,3.82755385e+02,7.36955300e+00,1.07647900e+00,9.28954490e-01,-4.12109651e+01,6.00000000e+00,7.97803793e+02,2.03213466e+02,5.47255259e+02,5.46984819e+02,-5.49620011e+01,3.07372874e+00,1.70166935e-01,3.24389567e+00,3.59383538e+00,1.47009591e+00,4.38249279e+00,1.99551909e+00,NaN,2.09050485e+01,1.81260785e+01,1.74900648e+01,1.33282022e+00,1.16264301e+02,-6.36013706e-01,1.81260785e+01,9.83358844e+01,8.90025352e+00,7.60853442e+00,3.59461071e+00,1.67014074e+01,-6.78897287e+00,8.70492718e+00,1.91595431e+00,9.82036102e+00,9.76718477e+00,4.98528665e+00,1.04139979e+00,NaN,-6.87560799e+01,-3.63319487e+01,-3.34406099e+01,2.03029738e-01,-3.01192140e+01,2.89133872e+00,-3.63319487e+01,-7.36615778e-01,7.33180269e+00,1.15672054e+01,1.15858545e+01,-2.86055356e+01,-5.77379573e+00,-3.48710531e+00,1.27441722e+02
"2016Q3",3.46514000e+03,8.15050831e+02,2.70800045e+02,5.60138071e+02,9.38360066e+05,1.37518890e+03,5.55138271e+02,5.53969369e+02,5.75332150e+02,5.48210562e+02,NaN,NaN,4.13267000e+00,1.41892369e+02,1.05000000e+01,4.00000000e-01,1.60000000e+00,6.25000000e-01,6.67600000e-01,1.49790294e+00,-4.70003629e+01,-4.04066087e+01,-1.50428877e+00,4.58000000e+01,3.82428409e+02,6.59375421e+00,1.06816000e+00,9.36189335e-01,-4.70003629e+01,6.00000000e+00,7.97304801e+02,2.02279069e+02,5.49946537e+02,5.49469605e+02,-6.06004877e+01,3.41061007e+00,2.69229374e+00,6.10290380e+00,8.45914356e+00,1.71616646e+00,4.75230312e+00,1.72941564e+00,NaN,-1.43797839e+01,-2.31575914e+01,-2.62607865e+01,-3.88686809e+00,-1.30790307e+00,-3.10319517e+00,-2.31575914e+01,-1.99596760e+00,-3.73758757e+00,1.07651141e+01,9.93914173e+00,-2.25539461e+01,-6.13519401e+00,9.98885699e+00,3.85366298e+00,1.16618038e+01,1.18053104e+01,4.86279086e+00,1.11224325e+00,NaN,-5.29089962e+01,-4.21213465e+01,-4.36823651e+01,-7.30050221e-01,-8.83387344e+00,-1.56101864e+00,-4.21213465e+01,1.96838607e+01,-9.61568514e-01,1.34515891e+01,1.34716376e+01,-3.68833522e+01,3.07854563e+00,-1.74707759e+01,1.28211359e+02
"2016Q4",3.50108000e+03,8.16082677e+02,2.75872213e+02,5.61993776e+02,9.65850686e+05,1.37807645e+03,5.59415924e+02,5.59061378e+02,5.76448809e+02,5.48992756e+02,NaN,NaN,3.97437000e+00,1.37986624e+02,1.50000000e+01,4.33333333e-01,1.68000000e+00,5.95238095e-01,6.62900000e-01,1.50852316e+00,-5.18793793e+01,-4.11131130e+01,-2.53062534e-01,5.00800000e+01,3.91362173e+02,1.07662664e+01,1.11367200e+00,8.97930450e-01,-5.18793793e+01,6.00000000e+00,8.01813744e+02,2.00317686e+02,5.53815111e+02,5.53833350e+02,-5.81459978e+01,4.12738258e+00,7.42282227e+00,1.15502049e+01,1.71106143e+01,2.03680362e+01,4.46663800e+00,3.12877450e+00,NaN,-1.56229769e+01,-1.95160657e+01,-2.82601702e+00,5.00490493e+00,3.57350543e+01,1.66900487e+01,-1.95160657e+01,1.80357717e+01,-7.84553116e+00,1.54742942e+01,1.74549834e+01,9.81795929e+00,-5.61933253e+00,1.28086841e+01,7.18935161e+00,1.48507883e+01,1.49062242e+01,4.52817322e+00,1.78461990e+00,NaN,-2.32904109e+01,-4.14433778e+01,-3.02988971e+01,4.64279545e-01,1.42701562e+01,1.11444807e+01,-4.14433778e+01,3.48609448e+01,-1.30477715e+00,1.41143346e+01,1.40987690e+01,-1.99762821e+01,2.09286945e+01,2.71651593e+01,1.33443532e+02
"2017Q1",3.54769000e+03,8.17405197e+02,2.83877238e+02,5.64854188e+02,1.00710844e+06,1.38225939e+03,5.64517683e+02,5.65445216e+02,5.77806114e+02,5.49786389e+02,7.15703210e-01,-3.34489709e+01,4.43272000e+00,1.48901339e+02,1.50000000e+01,7.33333333e-01,1.78000000e+00,5.61797753e-01,6.64100000e-01,1.50579732e+00,-5.76613364e+01,-4.09322538e+01,-5.00416810e-02,5.41200000e+01,3.99120380e+02,1.67290826e+01,1.18209800e+00,8.45953550e-01,-5.76613364e+01,6.00000000e+00,8.08168741e+02,1.92974606e+02,5.58185323e+02,5.58889230e+02,-5.42206845e+01,5.29007805e+00,1.14416495e+01,1.67317276e+01,2.04070355e+01,2.55353552e+01,5.42921877e+00,3.17453404e+00,NaN,4.36588585e+01,-2.31278284e+01,7.23436520e-01,8.12083412e-01,3.10328306e+01,2.38512649e+01,-2.31278284e+01,2.54199887e+01,-2.93723209e+01,1.74808497e+01,2.02235173e+01,1.57012532e+01,3.97544986e+00,5.43173312e+00,9.40718298e+00,1.23926572e+01,1.22724134e+01,4.75766317e+00,2.50706082e+00,NaN,8.64028655e+00,-1.19188517e+01,-2.71832556e+00,8.15735120e-01,4.54310706e+01,9.20052616e+00,-1.19188517e+01,3.49489193e+01,-8.01379652e+00,1.28321981e+01,1.28030633e+01,4.91666844e+00,2.72348023e+01,3.79296437e+01,1.40252233e+02
"2017Q2",3.58040000e+03,8.18322980e+02,2.93302927e+02,5.68120596e+02,1.05014180e+06,1.38644358e+03,5.66573474e+02,5.67026016e+02,5.78821425e+02,5.49661830e+02,6.50689784e-01,-4.29722273e+01,4.96406009e+00,1.60222397e+02,1.50000000e+01,9.33333333e-01,1.70000000e+00,5.88235294e-01,6.56600000e-01,1.52299726e+00,-5.30628251e+01,-4.20680274e+01,2.12992388e-01,5.02800000e+01,3.91760738e+02,1.09947977e+01,1.11622000e+00,8.95880740e-01,-5.30628251e+01,6.00000000e+00,7.96238206e+02,1.92249780e+02,5.59940342e+02,5.59686142e+02,-5.43159789e+01,3.67113542e+00,1.30656285e+01,1.67367639e+01,8.22316206e+00,6.32319871e+00,4.06124529e+00,-4.98235463e-01,-3.80930257e+01,4.52842326e+01,1.83940453e+01,-4.54309419e+00,1.05213628e+00,-2.94385678e+01,-2.29371395e+01,1.83940453e+01,-4.77221404e+01,-2.89930616e+00,7.02007725e+00,3.18764816e+00,-3.81177422e-01,4.12480153e+00,8.65559851e+00,1.27804000e+01,1.35499888e+01,1.34856891e+01,4.67735130e+00,1.88362218e+00,NaN,1.47350826e+01,-1.18518600e+01,-8.22661531e+00,7.45564133e-01,9.00535349e+00,3.62524472e+00,-1.18518600e+01,-1.56558689e+00,-1.09636864e+01,1.26850838e+01,1.27013227e+01,6.46022246e-01,1.10303599e+01,1.36394833e+01,1.43009823e+02
"2017Q3",3.60784000e+03,8.19086453e+02,2.94527534e+02,5.68537249e+02,1.06260822e+06,1.38762370e+03,5.67914917e+02,5.66888042e+02,5.79850073e+02,5.50158951e+02,6.44570000e-01,-4.39171851e+01,5.16745948e+00,1.64238117e+02,1.50000000e+01,1.20000000e+00,1.70000000e+00,5.88235294e-01,6.41400000e-01,1.55908949e+00,-5.30628251e+01,-4.44101992e+01,5.88007186e-01,5.17400000e+01,3.94623118e+02,8.65262593e+00,1.09038000e+00,9.17111466e-01,-5.30628251e+01,6.00000000e+00,7.96722864e+02,1.94118330e+02,5.61025410e+02,5.60584695e+02,-5.63453550e+01,3.05389172e+00,1.66661451e+00,4.72050623e+00,5.36577284e+00,-5.51895503e-01,4.11459022e+00,1.98848319e+00,-3.77983124e+00,1.60628792e+01,0.00000000e+00,-9.36868712e+00,1.50005919e+00,1.14495172e+01,-9.36868712e+00,0.00000000e+00,1.93862956e+00,7.47420095e+00,4.34027093e+00,3.59421307e+00,-8.11750450e+00,4.03562195e+00,8.39917871e+00,1.24348007e+01,1.27766462e+01,1.29186737e+01,4.51792307e+00,1.94838907e+00,NaN,2.23457483e+01,-6.06246218e+00,-4.00359045e+00,2.09229595e+00,1.21947086e+01,2.05887173e+00,-6.06246218e+00,-5.81937604e-01,-8.16073931e+00,1.10788730e+01,1.11150905e+01,4.25513264e+00,7.75861063e+00,-1.02261488e+01,1.44949476e+02
"2017Q4",3.62924000e+03,8.19677854e+02,2.86648798e+02,5.65825776e+02,1.04031728e+06,1.38550363e+03,5.69135142e+02,5.68812724e+02,5.81216961e+02,5.51088618e+02,1.06480200e+00,6.27888664e+00,5.33459990e+00,1.67421389e+02,1.50000000e+01,1.23333333e+00,1.70000000e+00,5.88235294e-01,6.59200000e-01,1.51699029e+00,-5.30628251e+01,-4.16728300e+01,1.03615508e+00,6.14700000e+01,4.11854925e+02,1.13899951e+01,1.12064000e+00,8.92347230e-01,-5.30628251e+01,6.00000000e+00,8.16816645e+02,1.91246678e+02,5.60872645e+02,5.60884246e+02,-5.37546486e+01,2.36560186e+00,-1.08458911e+01,-8.48028924e+00,4.88090209e+00,7.69872496e+00,5.46755296e+00,3.71866782e+00,2.00784287e+02,1.27330864e+01,0.00000000e+00,1.09494765e+01,1.79259156e+00,6.89272297e+01,1.09494765e+01,0.00000000e+00,8.03751254e+01,-1.14866076e+01,-6.11058829e-01,1.19820355e+00,1.03628257e+01,3.59517676e+00,3.83200036e+00,7.42717713e+00,9.71921811e+00,9.75134585e+00,4.76815181e+00,2.09586240e+00,NaN,2.94347642e+01,-1.18344576e+00,-5.59717065e-01,1.28921761e+00,2.04927524e+01,6.23728699e-01,-1.18344576e+00,1.50029008e+01,-9.07100842e+00,7.05753475e+00,7.05089552e+00,4.39134924e+00,1.76954776e+01,2.28666082e+01,1.49373345e+02
"2018Q1",3.64569000e+03,8.20130093e+02,2.89429936e+02,5.66791325e+02,1.05517182e+06,1.38692142e+03,5.68519845e+02,5.69410244e+02,5.82310859e+02,5.51976610e+02,1.23825986e+00,2.13707052e+01,5.50799703e+00,1.70620104e+02,1.36666667e+01,1.43333333e+00,1.70000000e+00,5.88235294e-01,6.44000000e-01,1.55279503e+00,-5.30628251e+01,-4.40056553e+01,1.83422963e+00,6.69500000e+01,4.20394607e+02,9.05716982e+00,1.09480000e+00,9.13408842e-01,-5.30628251e+01,6.00000000e+00,8.22925704e+02,1.91709305e+02,5.59822489e+02,5.60483745e+02,-5.77966695e+01,1.80895520e+00,3.86219445e+00,5.67114964e+00,-2.46119050e+00,2.39008222e+00,4.37559227e+00,3.55196727e+00,6.03672742e+01,1.27948623e+01,0.00000000e+00,-9.33130100e+00,3.19229822e+00,3.41587285e+01,-9.33130100e+00,0.00000000e+00,2.44362360e+01,1.85050641e+00,-4.20062433e+00,-1.60200360e+00,-1.61680838e+01,2.72489605e+00,1.93713659e+00,4.66203264e+00,4.00216162e+00,3.96502760e+00,4.50474518e+00,2.19022070e+00,5.48196761e+01,2.17187651e+01,4.59851132e+00,-3.07340144e+00,1.88427131e+00,2.12742269e+01,-7.67191277e+00,4.59851132e+00,1.47569626e+01,-1.26530160e+00,1.63716626e+00,1.59451529e+00,-3.57598501e+00,1.59748843e+00,1.17049491e+01,1.49772717e+02
"2018Q2",3.65688000e+03,8.20436560e+02,2.92470440e+02,5.67836360e+02,1.06952930e+06,1.38827292e+03,5.68734876e+02,5.69177737e+02,5.83978219e+02,5.52336705e+02,1.43948014e+00,3.64282037e+01,5.51266357e+00,1.70704791e+02,1.06666667e+01,1.73333333e+00,1.70000000e+00,5.88235294e-01,6.86100000e-01,1.45751348e+00,-5.30628251e+01,-3.76731889e+01,1.70306630e+00,7.44900000e+01,4.31066489e+02,1.53896362e+01,1.16637000e+00,8.57360872e-01,-5.30628251e+01,6.00000000e+00,8.32346276e+02,1.95696275e+02,5.61229114e+02,5.60981702e+02,-5.29165319e+01,1.22587076e+00,4.18014106e+00,5.40601182e+00,8.60122947e-01,-9.30029230e-01,6.66943787e+00,1.44038191e+00,6.02299941e+01,3.38748570e-01,0.00000000e+00,2.53298654e+01,-5.24653340e-01,4.26875264e+01,2.53298654e+01,0.00000000e+00,3.76822887e+01,1.59478812e+01,5.62649904e+00,1.99182760e+00,1.95205505e+01,2.11357988e+00,-2.84235271e-01,1.82934461e+00,2.16140184e+00,2.15172061e+00,5.15679333e+00,2.67487505e+00,7.94004310e+01,1.04823941e+01,0.00000000e+00,4.39483846e+00,1.49007391e+00,3.93057504e+01,4.39483846e+00,0.00000000e+00,3.61080699e+01,3.44649524e+00,1.28877170e+00,1.29556016e+00,1.39944698e+00,-1.02614213e+01,-7.74769517e+00,1.47207362e+02
"2018Q3",3.69197000e+03,8.21391547e+02,2.94594206e+02,5.68559884e+02,1.08763297e+06,1.38995143e+03,5.69778962e+02,5.68772084e+02,5.87075150e+02,5.52765384e+02,1.70991000e+00,5.36440738e+01,5.53454851e+00,1.71100999e+02,1.00000000e+01,1.93333333e+00,1.70000000e+00,5.88235294e-01,7.37100000e-01,1.35666802e+00,-5.30628251e+01,-3.05031711e+01,7.76335345e-01,7.54800000e+01,4.32386772e+02,2.25596540e+01,1.25307000e+00,7.98040014e-01,-5.30628251e+01,6.00000000e+00,8.33658752e+02,1.97594965e+02,5.62689213e+02,5.62276485e+02,-4.77993595e+01,3.81994643e+00,2.89409295e+00,6.71403938e+00,4.17634529e+00,-1.62261057e+00,1.23877272e+01,1.71471331e+00,6.88634801e+01,1.58483139e+00,0.00000000e+00,2.86800714e+01,-3.70692381e+00,5.28113292e+00,2.86800714e+01,0.00000000e+00,5.24990245e+00,7.59475960e+00,5.84039465e+00,5.17913355e+00,2.04686895e+01,2.30509356e+00,2.26343371e-02,2.32772790e+00,1.86404495e+00,1.88404185e+00,7.22507758e+00,2.60643258e+00,9.75612589e+01,6.86288216e+00,0.00000000e+00,1.39070281e+01,1.88328159e-01,3.77636544e+01,1.39070281e+01,0.00000000e+00,3.69358881e+01,3.47663490e+00,1.66380263e+00,1.69179028e+00,8.54599547e+00,2.93563432e-01,-1.74933468e+01,1.47280753e+02
"2018Q4",3.73620000e+03,8.22582433e+02,2.96427803e+02,5.69180369e+02,1.10751356e+06,1.39176280e+03,5.70384109e+02,5.70064422e+02,5.87989152e+02,5.53268334e+02,1.80772900e+00,5.92071361e+01,5.62574350e+00,1.72735312e+02,9.75000000e+00,2.23333333e+00,1.70000000e+00,5.88235294e-01,7.25600000e-01,1.37816979e+00,-5.30628251e+01,-3.20756380e+01,2.99784657e-01,6.73700000e+01,4.21019981e+02,2.09871871e+01,1.23352000e+00,8.10688112e-01,-5.30628251e+01,6.00000000e+00,8.22712464e+02,1.96138737e+02,5.62966794e+02,5.62975438e+02,-4.96806813e+01,4.76354448e+00,2.48194193e+00,7.24548641e+00,2.42058692e+00,5.16935242e+00,3.65600605e+00,2.01180198e+00,2.22522495e+01,6.53724987e+00,0.00000000e+00,-6.28986776e+00,-1.90620275e+00,-4.54671622e+01,-6.28986776e+00,0.00000000e+00,-4.37851491e+01,-5.82491046e+00,1.11032419e+00,2.79580973e+00,-7.52528689e+00,2.90457922e+00,3.35459260e+00,6.25917181e+00,1.24896616e+00,1.25169871e+00,6.77219085e+00,2.17971612e+00,5.29282495e+01,5.31392303e+00,0.00000000e+00,9.59719202e+00,-7.36370419e-01,9.16505641e+00,9.59719202e+00,0.00000000e+00,5.89581951e+00,4.89205919e+00,2.09414839e+00,2.09119182e+00,4.07396733e+00,5.47786661e+00,1.07076187e+01,1.48650219e+02
"2019Q1",3.76230000e+03,8.23278575e+02,2.97067466e+02,5.69395927e+02,1.11765693e+06,1.39267450e+03,5.70723327e+02,5.71594159e+02,5.89335420e+02,5.53608957e+02,1.21454122e+00,1.94366406e+01,5.77856019e+00,1.75415455e+02,9.33333333e+00,2.40000000e+00,1.70000000e+00,5.88235294e-01,7.24100000e-01,1.38102472e+00,-5.30628251e+01,-3.22825775e+01,6.38038374e-01,6.32700000e+01,4.14741128e+02,2.07802476e+01,1.23097000e+00,8.12367483e-01,-5.30628251e+01,6.00000000e+00,8.15068742e+02,1.97829981e+02,5.62839341e+02,5.63474490e+02,-5.08946697e+01,2.78456816e+00,8.62232649e-01,3.64680081e+00,1.35687528e+00,6.11894533e+00,5.38507123e+00,1.36249200e+00,-1.59081982e+02,1.07205729e+01,0.00000000e+00,-8.27757762e-01,1.35301487e+00,-2.51154127e+01,-8.27757762e-01,0.00000000e+00,-3.05748881e+01,6.76497674e+00,-5.09813365e-01,1.99620709e+00,-4.85595371e+00,3.14848246e+00,2.60460215e+00,5.75308460e+00,2.20348261e+00,2.18391449e+00,7.02456059e+00,1.63234730e+00,-1.93406463e+00,4.79535069e+00,0.00000000e+00,1.17230778e+01,-1.19619126e+00,-5.65347890e+00,1.17230778e+01,0.00000000e+00,-7.85696150e+00,6.12067677e+00,3.01685113e+00,2.99074449e+00,6.90199984e+00,5.71248210e+00,1.57386679e+01,1.50078340e+02
"2019Q2",3.81614000e+03,8.24699472e+02,2.96519993e+02,5.69211465e+02,1.13156181e+06,1.39391094e+03,5.71728040e+02,5.72158965e+02,5.90419146e+02,5.54131031e+02,1.42902478e+00,3.56992242e+01,5.93943359e+00,1.78161377e+02,8.66666667e+00,2.40000000e+00,1.70000000e+00,5.88235294e-01,7.33600000e-01,1.36314068e+00,-5.30628251e+01,-3.09791358e+01,7.80227002e-01,6.83400000e+01,4.22449525e+02,2.20836893e+01,1.24712000e+00,8.01847457e-01,-5.30628251e+01,6.00000000e+00,8.15387279e+02,1.98479682e+02,5.63910890e+02,5.63674390e+02,-4.96702412e+01,5.68358721e+00,-7.37849759e-01,4.94573745e+00,4.01885195e+00,2.25922513e+00,4.33490470e+00,2.08829587e+00,6.50503346e+01,1.09836897e+01,0.00000000e+00,5.21376662e+00,5.68754512e-01,3.08335854e+01,5.21376662e+00,0.00000000e+00,1.27414466e+00,2.59880366e+00,4.28619963e+00,7.99600193e-01,4.89771387e+00,4.26291157e+00,1.37510444e+00,5.63801601e+00,2.99316486e+00,2.98122808e+00,6.44092730e+00,1.79432579e+00,-7.28979511e-01,7.45658596e+00,0.00000000e+00,6.69405312e+00,-9.22839295e-01,-8.61696415e+00,6.69405312e+00,0.00000000e+00,-1.69589975e+01,2.78340738e+00,2.68177628e+00,2.69268764e+00,3.24629068e+00,3.39504071e+00,5.66501665e+00,1.50927100e+02
"2019Q3",3.86529000e+03,8.25979199e+02,2.94643309e+02,5.68576550e+02,1.13888184e+06,1.39455575e+03,5.72667099e+02,5.71689611e+02,5.91618896e+02,5.54507172e+02,1.86922000e+00,6.25521231e+01,6.03410877e+00,1.79742817e+02,8.16666667e+00,2.16666667e+00,1.70000000e+00,5.88235294e-01,7.40400000e-01,1.35062129e+00,-5.30628251e+01,-3.00564698e+01,1.01220482e+00,6.18600000e+01,4.12487377e+02,2.30063553e+01,1.25868000e+00,7.94483109e-01,-5.30628251e+01,6.00000000e+00,8.07729599e+02,1.93397099e+02,5.64570518e+02,5.64173940e+02,-4.90082669e+01,5.11890841e+00,-2.53965819e+00,2.57925022e+00,3.75623594e+00,-1.87741380e+00,4.79900236e+00,1.50456345e+00,1.07411596e+02,6.32575739e+00,0.00000000e+00,3.69066390e+00,9.27911272e-01,-3.98485918e+01,3.69066390e+00,0.00000000e+00,-3.06307174e+01,-2.03303332e+01,2.63851187e+00,1.99820228e+00,2.64789748e+00,4.58765206e+00,1.66666578e-02,4.60431872e+00,2.88813752e+00,2.91752727e+00,4.54374608e+00,1.74178833e+00,8.90804939e+00,8.64181746e+00,0.00000000e+00,4.46701250e-01,2.35869475e-01,-1.98993953e+01,4.46701250e-01,0.00000000e+00,-2.59291525e+01,-4.19786583e+00,1.88130558e+00,1.89745482e+00,-1.20890731e+00,6.36425876e+00,-1.09205180e+01,1.52518165e+02
"2019Q4",3.90107000e+03,8.26900615e+02,3.14743361e+02,5.75175758e+02,1.22783588e+06,1.40207637e+03,5.73001130e+02,5.72688032e+02,5.92660180e+02,5.55281409e+02,2.08101000e+00,7.32853353e+01,6.25802060e+00,1.83386394e+02,7.66666667e+00,1.66666667e+00,1.70000000e+00,5.88235294e-01,7.34200000e-01,1.36202670e+00,-5.30628251e+01,-3.08973808e+01,1.10730568e+00,6.26600000e+01,4.13772329e+02,2.21654443e+01,1.24814000e+00,8.01192174e-01,-5.30628251e+01,6.00000000e+00,8.07610991e+02,2.12549074e+02,5.64572041e+02,5.64573640e+02,-5.05564302e+01,3.68566517e+00,2.63968310e+01,3.00824961e+01,1.33612434e+00,3.99368262e+00,4.16513384e+00,3.09694664e+00,4.29328485e+01,1.45743083e+01,0.00000000e+00,-3.36364385e+00,3.80403456e-01,5.13980731e+00,-3.36364385e+00,0.00000000e+00,-4.74432681e-01,7.66078986e+01,6.08898144e-03,1.59880131e+00,-6.19265336e+00,4.31818224e+00,5.99538891e+00,1.03135711e+01,2.61702188e+00,2.62360982e+00,4.67102803e+00,2.01307449e+00,1.40781991e+01,1.06510821e+01,0.00000000e+00,1.17825723e+00,8.07521027e-01,-7.24765294e+00,1.17825723e+00,0.00000000e+00,-1.51014734e+01,1.64103364e+01,1.60524678e+00,1.59820272e+00,-8.75748930e-01,4.43954018e+00,9.58173899e+00,1.53628050e+02
"2020Q1",3.90671000e+03,8.27045087e+02,3.11234153e+02,5.74054553e+02,1.21590158e+06,1.40109964e+03,5.73736626e+02,5.74581973e+02,5.93537166e+02,5.55706288e+02,2.43478822e+00,8.89859778e+01,6.39384715e+00,1.85533614e+02,7.25000000e+00,1.30000000e+00,1.70000000e+00,5.88235294e-01,7.65600000e-01,1.30616510e+00,-5.30628251e+01,-2.67095439e+01,4.58232420e-02,5.05100000e+01,3.92217134e+02,2.63532812e+01,1.30152000e+00,7.68332411e-01,-5.30628251e+01,6.00000000e+00,7.85361153e+02,2.10748972e+02,5.64953464e+02,5.65571845e+02,-4.65100845e+01,5.77885236e-01,-4.48481855e+00,-3.90693332e+00,2.94198081e+00,7.57576404e+00,3.50794553e+00,1.69951687e+00,6.28025701e+01,8.58888286e+00,0.00000000e+00,1.67513476e+01,-4.24592977e+00,-8.62207796e+01,1.67513476e+01,0.00000000e+00,-8.89993529e+01,-7.20040784e+00,1.52569209e+00,3.99281821e+00,1.61853829e+01,3.76651151e+00,4.65862611e+00,8.42513762e+00,3.01329826e+00,2.98781450e+00,4.20174661e+00,2.09733071e+00,6.95493372e+01,1.01181596e+01,0.00000000e+00,5.57303357e+00,-5.92215132e-01,-2.25239947e+01,5.57303357e+00,0.00000000e+00,-2.97075896e+01,1.29189903e+01,2.11412314e+00,2.09735550e+00,4.38458523e+00,6.24665449e+00,1.59359710e+01,1.55189713e+02
"2020Q2",3.64298000e+03,8.20055731e+02,3.11178388e+02,5.74036634e+02,1.13361664e+06,1.39409236e+03,5.74720424e+02,5.75139735e+02,5.94587886e+02,5.54493719e+02,1.57535278e+00,4.54479237e+01,6.43631230e+00,1.86195575e+02,7.16666667e+00,1.00000000e-01,1.70000000e+00,5.88235294e-01,7.63400000e-01,1.30992926e+00,-5.30628251e+01,-2.69973139e+01,-1.07370953e+01,2.93400000e+01,3.37895177e+02,2.60655112e+01,1.29778000e+00,7.70546626e-01,-5.30628251e+01,6.00000000e+00,7.22113716e+02,2.20084895e+02,5.65898353e+02,5.65671595e+02,-4.68647759e+01,-2.79574238e+01,-7.16761909e-02,-2.80291000e+01,3.93519425e+00,2.23104593e+00,4.20288018e+00,-4.85027673e+00,-1.74152216e+02,2.64784270e+00,0.00000000e+00,-1.15107993e+00,-4.31316742e+01,-2.17287826e+02,-1.15107993e+00,0.00000000e+00,-2.52989746e+02,3.73436930e+01,3.77955777e+00,3.99000812e-01,-1.41876586e+00,-4.64374125e+00,4.82516950e+00,1.81428253e-01,2.99238383e+00,2.98076970e+00,4.16874048e+00,3.62687559e-01,9.74869947e+00,8.03419781e+00,0.00000000e+00,3.98182194e+00,-1.15173223e+01,-8.45543474e+01,3.98182194e+00,0.00000000e+00,-9.32735622e+01,2.16052126e+01,1.98746268e+00,1.99720565e+00,2.80546529e+00,4.29834605e+00,6.50581786e+00,1.56264300e+02
"2020Q3",3.74630000e+03,8.22852397e+02,3.17433368e+02,5.76026793e+02,1.18920063e+06,1.39887919e+03,5.75325763e+02,5.74374010e+02,5.95792590e+02,5.55721603e+02,1.59992000e+00,4.69953628e+01,6.49139059e+00,1.87047677e+02,6.66666667e+00,1.00000000e-01,1.70000000e+00,5.88235294e-01,7.69100000e-01,1.30022104e+00,-5.30628251e+01,-2.62534279e+01,-1.51211634e+00,4.29600000e+01,3.76026945e+02,2.68093972e+01,1.30747000e+00,7.64835904e-01,-5.30628251e+01,6.00000000e+00,7.55035843e+02,2.29108950e+02,5.66357517e+02,5.65971445e+02,-4.67202550e+01,1.11866633e+01,7.96063515e+00,1.91472984e+01,2.42135374e+00,-3.06289982e+00,4.81881404e+00,4.91153580e+00,6.18975646e+00,3.40840923e+00,0.00000000e+00,2.97554390e+00,3.68999159e+01,1.52527071e+02,2.97554390e+00,0.00000000e+00,1.31688507e+02,3.60962200e+01,1.83665359e+00,1.19940047e+00,5.78083604e-01,-3.12680253e+00,7.45024284e+00,4.32344031e+00,2.65866329e+00,2.68439819e+00,4.17369340e+00,1.21443065e+00,-1.55567603e+01,7.30486077e+00,0.00000000e+00,3.80304194e+00,-2.52432116e+00,-3.64604317e+01,3.80304194e+00,0.00000000e+00,-5.26937560e+01,3.57118510e+01,1.78699811e+00,1.79750520e+00,2.28801182e+00,3.78565409e+00,-1.30082672e+01,1.57210713e+02
"2020Q4",3.82515000e+03,8.24935296e+02,3.12917860e+02,5.74594073e+02,1.19695775e+06,1.39952937e+03,5.75471804e+02,5.75165158e+02,5.97504954e+02,5.56513994e+02,1.69345001e+00,5.26767873e+01,6.36944415e+00,1.85151220e+02,6.41666667e+00,1.00000000e-01,1.70000000e+00,5.88235294e-01,7.56000000e-01,1.32275132e+00,-5.30628251e+01,-2.79713903e+01,-7.73468429e-01,4.42900000e+01,3.79075892e+02,2.50914348e+01,1.28520000e+00,7.78089013e-01,-5.30628251e+01,6.00000000e+00,7.61228815e+02,2.33979776e+02,5.66374210e+02,5.66371146e+02,-5.00045409e+01,8.33159838e+00,-5.73088100e+00,2.60071739e+00,5.84164023e-01,3.16459366e+00,6.84945809e+00,3.16956472e+00,2.27256981e+01,-7.58582803e+00,0.00000000e+00,-6.87184955e+00,2.95459166e+00,1.21957871e+01,-6.87184955e+00,0.00000000e+00,2.47718875e+01,1.94833047e+01,6.67758638e-02,1.59880127e+00,-1.31371436e+01,-1.96531923e+00,-5.81685147e-01,-2.54700438e+00,2.47067321e+00,2.47712595e+00,4.84477446e+00,1.23258516e+00,-2.06085480e+01,1.76482669e+00,0.00000000e+00,2.92599051e+00,-1.88077411e+00,-3.46964368e+01,2.92599051e+00,0.00000000e+00,-4.63821760e+01,2.14307025e+01,1.80216983e+00,1.79750519e+00,5.51889258e-01,1.79140306e+00,6.81810924e+00,1.57658564e+02
"2021Q1",3.95350000e+03,8.28235654e+02,3.17906699e+02,5.76175794e+02,1.25684414e+06,1.40441145e+03,5.77593349e+02,5.78407131e+02,5.99429369e+02,5.57587785e+02,1.36759507e+00,3.13053775e+01,6.35622191e+00,1.84943416e+02,6.25000000e+00,1.00000000e-01,1.70000000e+00,5.88235294e-01,7.59100000e-01,1.31734949e+00,-5.30628251e+01,-2.75621758e+01,-4.14371736e-01,6.08200000e+01,4.10791868e+02,2.55006493e+01,1.29047000e+00,7.74911466e-01,-5.30628251e+01,6.00000000e+00,7.94698234e+02,2.33552655e+02,5.67360372e+02,5.67966861e+02,-4.93981952e+01,1.32014321e+01,6.32688520e+00,1.95283173e+01,8.48618312e+00,1.29678904e+01,7.69765799e+00,4.29516490e+00,-8.54856392e+01,-8.31217145e-01,0.00000000e+00,1.63685794e+00,1.43638677e+00,1.26863906e+02,1.63685794e+00,0.00000000e+00,1.33877676e+02,-1.70848343e+00,3.94464743e+00,6.38286198e+00,2.42538307e+00,1.19056750e+00,2.12124079e+00,3.31180829e+00,3.85672378e+00,3.82515754e+00,5.89220257e+00,1.88149717e+00,-5.76806003e+01,-5.90198313e-01,0.00000000e+00,-8.52631912e-01,-4.60194978e-01,1.85747346e+01,-8.52631912e-01,0.00000000e+00,9.33708125e+00,2.28036836e+01,2.40690866e+00,2.39501613e+00,-2.88811070e+00,1.90830997e+01,2.83329567e+01,1.62429339e+02
"2021Q2",4.04733000e+03,8.30581268e+02,3.20680501e+02,5.77044530e+02,1.29789981e+06,1.40762580e+03,5.79259410e+02,5.79660471e+02,6.01394081e+02,5.59228003e+02,1.39859493e+00,3.35468110e+01,6.45525896e+00,1.86489514e+02,6.25000000e+00,1.00000000e-01,1.70000000e+00,5.88235294e-01,7.69800000e-01,1.29903871e+00,-5.30628251e+01,-2.61624538e+01,1.52434811e-01,6.88300000e+01,4.23163970e+02,2.69003713e+01,1.30866000e+00,7.64140418e-01,-5.30628251e+01,6.00000000e+00,8.00093540e+02,2.26381364e+02,5.69287438e+02,5.69064618e+02,-4.82971247e+01,9.38245677e+00,3.47494512e+00,1.28574019e+01,6.66424326e+00,5.01336309e+00,7.85884918e+00,6.56087087e+00,8.96573374e+00,6.18439213e+00,0.00000000e+00,5.59888793e+00,2.26722619e+00,4.94884057e+01,5.59888793e+00,0.00000000e+00,2.15812222e+01,-2.86851647e+01,7.70826297e+00,4.39102614e+00,4.40428201e+00,1.05255376e+01,3.00789612e+00,1.35334338e+01,4.53898604e+00,4.52073684e+00,6.80619482e+00,4.73428407e+00,-1.19011127e+01,2.93939044e-01,0.00000000e+00,8.34860054e-01,1.08895301e+01,8.52687924e+01,8.34860054e-01,0.00000000e+00,7.79798233e+01,6.29646917e+00,3.38908496e+00,3.39302247e+00,-1.43234873e+00,4.22819728e+00,6.46548266e+00,1.63486388e+02
"2021Q3",4.13894000e+03,8.32819500e+02,3.30753265e+02,5.80137268e+02,1.36896792e+06,1.41295677e+03,5.82043018e+02,5.81153014e+02,6.03376040e+02,5.60919495e+02,1.53926000e+00,4.31301782e+01,7.03384608e+00,1.95073365e+02,6.33333333e+00,1.00000000e-01,1.70000000e+00,5.88235294e-01,7.73600000e-01,1.29265770e+00,-5.30628251e+01,-2.56700335e+01,1.37582927e+00,7.34700000e+01,4.29687716e+02,2.73927916e+01,1.31512000e+00,7.60386885e-01,-5.30628251e+01,6.00000000e+00,8.07714152e+02,2.23222601e+02,5.71435771e+02,5.71054993e+02,-4.70030551e+01,8.95292478e+00,1.23709485e+01,2.13238733e+01,1.11344329e+01,5.97017008e+00,7.92783607e+00,6.76596770e+00,3.83334687e+01,3.43354037e+01,0.00000000e+00,1.96968132e+00,4.89357782e+00,2.60949853e+01,1.96968132e+00,0.00000000e+00,3.04824511e+01,-1.26350533e+01,8.59333058e+00,7.96150224e+00,5.17627811e+00,9.96710302e+00,4.11047446e+00,1.40775775e+01,6.71725582e+00,6.77900431e+00,7.58345033e+00,5.19789205e+00,-3.86518465e+00,8.02568766e+00,0.00000000e+00,5.83394408e-01,2.88794561e+00,5.36607709e+01,5.83394408e-01,0.00000000e+00,5.26783092e+01,-5.88634916e+00,5.07825421e+00,5.08354791e+00,-2.82800108e-01,1.70636715e+01,1.32372836e+00,1.67752306e+02
"2021Q4",4.24820000e+03,8.35425064e+02,3.40179809e+02,5.82947433e+02,1.44515187e+06,1.41837250e+03,5.85898438e+02,5.85621740e+02,6.08595564e+02,5.62989517e+02,2.38260200e+00,8.68193168e+01,7.07499866e+00,1.95656725e+02,7.08333333e+00,1.00000000e-01,1.70000000e+00,5.88235294e-01,8.18000000e-01,1.22249389e+00,-5.30628251e+01,-2.00892942e+01,2.45158150e+00,7.95800000e+01,4.37676280e+02,3.29735309e+01,1.39060000e+00,7.19114051e-01,-5.30628251e+01,6.00000000e+00,8.12094369e+02,2.15025572e+02,5.74043930e+02,5.74039994e+02,-4.27864201e+01,1.04222590e+01,1.12406615e+01,2.16629204e+01,1.54216779e+01,1.78749036e+01,2.08780948e+01,8.28008992e+00,1.74756555e+02,2.33344127e+00,0.00000000e+00,2.23229570e+01,4.30300892e+00,3.19542581e+01,2.23229570e+01,0.00000000e+00,1.75208649e+01,-3.27881132e+01,1.04326356e+01,1.19400049e+01,1.68665402e+01,1.04897682e+01,8.35336007e+00,1.88431282e+01,1.04266343e+01,1.04565818e+01,1.10906095e+01,6.47552335e+00,3.41425295e+01,1.05055050e+01,0.00000000e+00,7.88209604e+00,3.22504993e+00,5.86003887e+01,7.88209604e+00,0.00000000e+00,5.08655535e+01,-1.89542037e+01,7.66971914e+00,7.66884882e+00,7.21812084e+00,2.70627768e+01,3.17230004e+01,1.74518001e+02
"2022Q1",4.33750000e+03,8.37505342e+02,3.47436700e+02,5.85058249e+02,1.50700668e+06,1.42256359e+03,5.89127738e+02,5.89852655e+02,6.16434420e+02,5.65253407e+02,1.28731522e+00,2.52558822e+01,7.13844326e+00,1.96549472e+02,7.58333333e+00,1.33333333e-01,1.70000000e+00,5.88235294e-01,8.85200000e-01,1.12968821e+00,-5.30628251e+01,-1.21941671e+01,2.38487540e+00,1.00300000e+02,4.60816569e+02,4.08686580e+01,1.50484000e+00,6.64522474e-01,-5.30628251e+01,6.00000000e+00,8.27726987e+02,2.23957663e+02,5.76422286e+02,5.77023919e+02,-3.95008481e+01,8.32111258e+00,8.44326411e+00,1.67643767e+01,1.29172021e+01,1.69236615e+01,3.13554227e+01,9.05556049e+00,-2.46253738e+02,3.57098694e+00,0.00000000e+00,3.15805086e+01,-2.66824376e-01,9.25611560e+01,3.15805086e+01,0.00000000e+00,6.25304738e+01,3.57283605e+01,9.51342462e+00,1.19356977e+01,1.31422880e+01,9.26968827e+00,8.88245480e+00,1.81521431e+01,1.15343890e+01,1.14455246e+01,1.70050507e+01,7.66562224e+00,-6.04949534e+00,1.16060560e+01,0.00000000e+00,1.53680087e+01,2.79924714e+00,5.00247013e+01,1.53680087e+01,0.00000000e+00,3.30287530e+01,-9.59499266e+00,9.06191343e+00,9.05705775e+00,9.89734707e+00,2.08593494e+01,2.85622436e+01,1.79732838e+02
"2022Q2",4.39183000e+03,8.38750128e+02,3.58957411e+02,5.88320375e+02,1.57647993e+06,1.42707050e+03,5.92016374e+02,5.92369414e+02,6.21654508e+02,5.67510106e+02,1.45179978e+00,3.72804017e+01,7.37190236e+00,1.99767579e+02,7.75000000e+00,7.66666667e-01,1.70000000e+00,5.88235294e-01,9.17400000e-01,1.09003706e+00,-5.30628251e+01,-8.62116968e+00,1.19995580e+00,1.13540000e+02,4.73215520e+02,4.44416554e+01,1.55958000e+00,6.41198271e-01,-5.30628251e+01,6.00000000e+00,8.34549301e+02,2.28571021e+02,5.79335350e+02,5.79116504e+02,-3.82593037e+01,4.97914058e+00,1.30485042e+01,1.80276447e+01,1.15545419e+01,1.00670364e+01,2.08803538e+01,9.02679532e+00,4.80980780e+01,1.28724290e+01,0.00000000e+00,1.42919896e+01,-4.73967842e+00,4.95958011e+01,1.42919896e+01,0.00000000e+00,2.72892552e+01,1.84534334e+01,1.16522559e+01,8.37034207e+00,4.96617771e+00,8.16885923e+00,1.12758446e+01,1.94447038e+01,1.27569637e+01,1.27089429e+01,2.02604268e+01,8.28210336e+00,3.73359071e+00,1.32780652e+01,0.00000000e+00,1.75412841e+01,1.04752099e+00,5.00515501e+01,1.75412841e+01,0.00000000e+00,3.44557613e+01,2.18965685e+00,1.00479117e+01,1.00518867e+01,1.00378210e+01,1.13265424e+01,1.40259898e+01,1.82564473e+02